COMPANION_SEQ,TRAVEL_ID,REL_CD,COMPANION_GENDER,COMPANION_AGE_GRP,COMPANION_SITUATION
1,e_e000005,1,1,4,1
1,e_e000191,1,2,5,1
3,e_e000191,11,2,5,1
2,e_e000191,11,2,8,1
4,e_e000191,11,1,6,1
1,e_e000316,7,2,3,1
2,e_e000668,2,1,2,1
4,e_e000668,3,1,7,1
1,e_e000668,1,1,4,1
3,e_e000668,2,2,1,1
5,e_e000668,3,2,7,1
1,e_e001579,5,2,3,3
1,e_e002195,7,2,3,1
1,e_e003226,2,2,4,1
1,e_e004870,1,2,5,1
2,e_e004870,2,2,2,1
1,e_e004944,1,2,4,1
1,e_e007408,1,1,5,3
1,e_e011214,7,2,3,3
2,e_e013132,10,1,3,1
1,e_e013132,10,2,3,1
3,e_e013132,10,1,3,1
1,e_e013143,1,1,5,1
3,e_e013143,2,2,2,1
2,e_e013143,2,2,1,1
1,e_e013144,1,2,6,1
1,e_e013149,1,1,4,1
1,e_e013179,3,2,7,1
1,e_e013184,7,2,5,1
1,e_e013188,8,1,4,1
1,e_e013282,8,1,4,1
2,f_f000001,2,1,1,1
1,f_f000001,1,1,5,1
2,f_f000004,2,1,1,1
1,f_f000004,1,2,4,1
1,f_f000030,8,1,3,1
1,f_f002508,8,2,3,1
1,f_f009789,8,1,3,1
1,f_f015541,8,1,4,1
1,f_f016471,1,2,5,1
3,f_f016471,2,1,1,1
2,f_f016471,2,2,2,1
1,g_g000003,7,2,4,1
3,g_g000003,7,2,4,1
2,g_g000003,7,2,4,1
2,g_g000004,3,2,6,1
4,g_g000004,4,2,8,3
6,g_g000004,6,2,6,3
1,g_g000004,3,1,7,1
3,g_g000004,5,1,4,1
5,g_g000004,6,1,6,3
1,g_g000009,1,1,5,1
1,g_g000014,3,2,8,1
3,g_g000014,7,2,5,1
2,g_g000014,7,2,5,1
1,g_g000016,8,2,3,1
1,g_g000023,8,1,3,3
1,g_g000025,2,1,1,1
2,g_g000026,2,2,2,1
1,g_g000026,7,2,4,1
3,g_g000026,2,1,1,1
2,g_g000191,5,2,4,1
1,g_g000191,3,2,7,1
1,g_g000195,7,1,3,1
1,g_g000198,8,1,4,1
1,g_g000204,8,1,4,1
1,g_g000208,8,1,4,1
1,g_g000210,8,2,3,1
1,g_g000215,1,1,5,1
1,g_g000220,1,1,4,1
2,g_g000225,3,2,7,1
4,g_g000225,2,2,1,1
1,g_g000225,1,1,4,1
3,g_g000225,2,1,1,1
1,g_g000226,8,2,4,1
1,g_g000231,1,1,4,1
1,g_g000233,7,2,3,2
2,g_g000234,2,1,2,1
1,g_g000234,1,1,5,1
1,g_g000235,1,1,5,1
1,g_g000236,3,2,8,1
2,g_g000237,2,1,1,1
1,g_g000237,2,1,2,1
3,g_g000237,3,1,8,1
1,g_g000240,5,2,5,1
2,g_g000242,2,1,2,1
1,g_g000242,1,1,6,1
3,g_g000242,2,2,2,1
1,g_g000248,1,2,5,1
3,g_g000248,2,2,2,1
2,g_g000248,2,1,2,1
1,g_g000249,1,1,5,1
3,g_g000249,2,1,2,1
2,g_g000249,2,2,2,1
2,g_g000250,2,1,2,1
1,g_g000250,1,1,5,1
3,g_g000250,2,2,2,1
1,g_g000251,1,1,4,1
2,g_g000251,2,1,1,1
1,g_g000252,2,1,1,1
2,g_g000252,2,2,1,1
1,g_g000256,1,1,4,1
2,g_g000258,2,1,1,1
1,g_g000258,1,1,5,1
3,g_g000259,2,2,2,1
2,g_g000259,2,1,2,1
1,g_g000259,1,1,5,1
1,g_g000260,2,1,1,1
1,g_g000264,1,1,5,1
2,g_g000264,2,2,1,1
1,g_g000265,2,1,2,1
3,g_g000265,3,2,8,3
5,g_g000265,5,2,5,3
2,g_g000265,2,2,1,1
4,g_g000265,5,2,5,3
2,g_g000269,2,1,1,1
1,g_g000269,1,2,4,1
3,g_g000269,2,1,1,1
1,g_g000270,1,2,5,1
3,g_g000270,2,2,1,1
2,g_g000270,2,2,2,1
1,g_g000280,1,1,5,1
3,g_g000280,2,1,1,1
2,g_g000280,2,1,1,3
2,g_g000284,6,1,1,1
1,g_g000284,2,2,4,1
3,g_g000284,6,1,1,1
5,g_g000285,7,2,4,2
1,g_g000285,7,2,3,1
3,g_g000285,7,2,3,1
2,g_g000285,7,2,3,1
4,g_g000285,7,2,4,1
2,g_g000287,2,2,1,1
1,g_g000287,1,1,5,1
3,g_g000287,2,1,1,1
1,g_g000290,8,2,4,1
1,g_g000296,8,1,3,3
1,g_g000298,7,1,4,1
2,g_g000298,7,1,4,1
4,g_g000299,2,1,1,1
1,g_g000299,1,1,5,3
3,g_g000299,3,2,7,1
5,g_g000299,2,2,1,1
2,g_g000299,3,1,7,1
1,g_g000301,1,2,3,1
2,g_g000305,2,2,1,1
1,g_g000305,1,1,4,1
3,g_g000305,2,2,1,1
1,g_g000306,1,1,4,1
3,g_g000306,6,2,4,3
2,g_g000306,2,1,1,1
4,g_g000306,6,1,1,3
2,g_g000308,6,2,2,1
4,g_g000308,6,1,5,1
1,g_g000308,3,1,6,1
3,g_g000308,6,2,5,1
2,g_g000309,2,1,2,1
1,g_g000309,1,2,5,1
3,g_g000309,2,2,1,1
1,g_g000311,1,1,5,1
3,g_g000311,2,2,1,1
2,g_g000311,2,1,2,1
2,g_g000312,11,1,5,3
1,g_g000312,11,1,5,2
2,g_g000314,3,1,8,1
1,g_g000314,1,1,5,1
3,g_g000314,3,2,8,1
1,g_g000316,2,2,1,1
1,g_g000318,1,1,6,1
2,g_g000318,2,2,3,1
1,g_g000319,3,2,7,1
2,g_g000320,2,2,1,1
4,g_g000320,2,1,1,1
1,g_g000320,1,2,5,1
3,g_g000320,2,2,1,1
2,g_g000321,1,1,4,1
1,g_g000321,3,1,7,3
2,g_g000322,2,2,1,1
1,g_g000322,2,1,1,1
2,g_g000328,3,2,7,1
1,g_g000328,1,1,5,1
3,g_g000328,2,1,1,1
2,g_g000334,2,1,1,1
1,g_g000334,1,2,4,1
3,g_g000334,2,2,1,1
1,g_g000339,1,1,4,1
1,g_g000341,8,1,3,1
1,g_g000345,7,2,4,3
1,g_g000346,2,2,1,1
4,g_g000348,7,1,3,1
1,g_g000348,7,2,3,1
3,g_g000348,7,1,4,1
5,g_g000348,7,1,3,3
2,g_g000348,7,2,3,3
1,g_g000351,1,2,4,1
2,g_g000354,3,2,8,1
1,g_g000354,3,1,8,1
1,g_g000357,1,2,5,1
1,g_g000361,1,1,5,1
3,g_g000361,2,1,2,1
2,g_g000361,2,1,2,1
1,g_g000365,7,2,4,1
2,g_g000374,2,2,1,1
1,g_g000374,1,1,5,1
1,g_g000378,8,2,3,1
1,g_g000379,1,2,5,1
2,g_g000379,2,2,2,1
2,g_g000380,2,1,2,1
1,g_g000380,1,1,5,1
1,g_g000384,1,1,4,1
3,g_g000384,2,2,1,1
2,g_g000384,2,2,1,1
1,g_g000387,1,2,6,1
1,g_g000391,1,2,4,1
3,g_g000391,2,1,1,1
2,g_g000391,2,1,1,1
1,g_g000392,8,1,4,3
1,g_g000393,1,1,5,1
2,g_g000394,2,1,1,1
1,g_g000394,3,1,8,2
3,g_g000394,2,1,1,1
2,g_g000396,2,2,2,1
1,g_g000396,1,2,5,1
3,g_g000396,2,2,2,1
1,g_g000397,7,2,4,1
3,g_g000397,11,1,1,1
2,g_g000397,11,1,2,1
2,g_g000399,2,1,1,1
4,g_g000399,3,2,7,1
1,g_g000399,1,1,5,1
3,g_g000399,3,1,7,1
1,g_g000404,1,1,5,1
3,g_g000404,2,1,1,1
2,g_g000404,2,2,2,1
3,g_g000410,11,2,1,3
2,g_g000410,7,2,4,3
1,g_g000410,2,1,1,1
1,g_g000414,8,1,3,1
1,g_g000420,1,1,4,1
2,g_g000420,2,2,4,1
1,g_g000423,1,1,6,1
3,g_g000423,2,1,1,1
2,g_g000423,2,1,2,1
2,g_g000427,2,2,2,1
1,g_g000427,1,1,5,1
3,g_g000427,2,1,1,1
1,g_g000430,8,2,3,3
1,g_g000435,1,2,5,1
3,g_g000435,6,1,5,3
5,g_g000435,6,2,1,3
2,g_g000435,2,2,1,1
4,g_g000435,6,2,4,3
2,g_g000437,2,2,1,1
1,g_g000437,1,2,4,1
1,g_g000441,8,2,4,1
2,g_g000442,7,2,4,1
1,g_g000442,7,2,4,1
3,g_g000443,6,2,1,3
2,g_g000443,5,2,5,3
1,g_g000443,8,1,4,1
1,g_g000447,7,2,4,1
3,g_g000447,9,2,4,2
2,g_g000447,9,1,4,3
2,g_g000453,9,2,7,1
1,g_g000453,9,2,6,1
2,g_g000454,5,2,5,3
1,g_g000454,2,2,2,1
3,g_g000454,5,2,6,3
2,g_g000459,2,2,1,1
1,g_g000459,1,1,5,1
3,g_g000459,2,2,1,1
1,g_g000460,1,2,4,1
3,g_g000460,2,2,1,1
2,g_g000460,2,1,1,1
2,g_g000461,1,1,7,3
1,g_g000461,2,1,4,1
3,g_g000461,2,2,4,3
1,g_g000464,1,2,6,1
3,g_g000464,6,1,8,1
2,g_g000464,6,1,7,1
4,g_g000464,6,2,7,3
2,g_g000466,2,2,2,1
1,g_g000466,1,1,5,1
1,g_g000469,7,2,3,1
2,g_g000471,2,2,1,1
1,g_g000471,1,2,5,1
2,g_g000473,5,2,7,1
1,g_g000473,1,1,6,2
3,g_g000473,6,2,2,3
1,g_g000477,5,2,4,1
1,g_g000478,3,2,7,3
1,g_g000480,1,2,4,1
2,g_g000481,2,2,1,1
1,g_g000481,1,1,5,1
3,g_g000481,2,2,1,1
5,g_g000486,10,2,6,1
7,g_g000486,10,2,6,1
9,g_g000486,10,2,6,1
11,g_g000486,10,2,6,1
13,g_g000486,10,2,6,1
15,g_g000486,10,2,6,1
17,g_g000486,10,2,6,1
2,g_g000486,10,2,6,1
19,g_g000486,10,2,6,1
4,g_g000486,10,2,6,1
6,g_g000486,10,2,6,1
8,g_g000486,10,2,6,1
10,g_g000486,10,2,6,1
12,g_g000486,10,2,6,1
14,g_g000486,10,2,6,1
16,g_g000486,10,2,6,1
1,g_g000486,10,2,6,1
18,g_g000486,10,2,6,1
3,g_g000486,10,2,6,1
1,g_g000488,2,1,2,1
3,g_g000488,3,2,8,3
2,g_g000488,2,1,1,1
1,g_g000490,1,1,6,1
1,g_g000492,1,1,4,1
2,g_g000492,2,1,1,1
1,g_g000494,1,2,7,1
1,g_g000499,2,2,1,1
2,g_g000499,8,1,4,1
1,g_g000502,8,1,3,1
2,g_g000503,2,2,1,1
1,g_g000503,1,2,4,1
2,g_g000508,2,1,2,1
1,g_g000508,1,1,5,1
3,g_g000508,2,2,2,1
2,g_g000510,2,1,1,1
1,g_g000510,1,1,4,1
1,g_g000515,7,1,5,1
2,g_g000519,2,1,1,1
1,g_g000519,1,2,4,1
3,g_g000519,2,1,1,1
1,g_g000520,2,1,5,1
2,g_g000520,2,2,5,1
1,g_g000522,8,1,3,1
1,g_g000532,1,2,4,1
1,g_g000536,1,2,7,1
2,g_g000540,2,1,2,1
1,g_g000540,1,2,5,1
3,g_g000540,2,2,2,1
1,g_g000556,1,2,5,1
3,g_g000556,2,1,1,1
2,g_g000556,2,2,1,1
1,g_g000558,1,1,5,1
1,g_g000560,8,1,3,1
1,g_g000569,7,2,7,1
2,g_g000569,7,2,7,1
1,g_g000570,1,2,4,1
3,g_g000570,2,2,1,1
2,g_g000570,2,2,1,1
2,g_g000571,3,2,8,1
4,g_g000571,6,1,8,3
6,g_g000571,6,2,8,3
8,g_g000571,6,2,7,3
1,g_g000571,1,2,5,1
3,g_g000571,6,2,7,1
5,g_g000571,6,1,8,3
7,g_g000571,6,1,7,3
1,g_g000572,1,1,6,1
2,g_g000577,2,1,2,1
1,g_g000577,1,1,5,1
3,g_g000577,2,2,1,1
1,g_g000581,1,1,5,1
3,g_g000581,2,1,2,1
5,g_g000581,2,2,1,1
2,g_g000581,3,2,8,1
4,g_g000581,2,2,2,1
2,g_g000582,2,2,1,1
1,g_g000582,1,1,5,1
3,g_g000582,2,1,1,1
1,g_g000585,1,1,5,1
2,g_g000585,2,1,2,1
1,g_g000590,1,1,4,1
3,g_g000590,2,2,1,1
2,g_g000590,2,2,1,1
2,g_g000592,2,1,2,1
1,g_g000592,1,1,5,1
3,g_g000592,2,1,1,1
2,g_g000602,2,1,1,1
1,g_g000602,1,1,4,1
1,g_g000604,1,2,4,1
1,g_g000605,1,1,4,1
3,g_g000605,2,2,1,1
2,g_g000605,2,1,1,1
2,g_g000606,2,1,1,1
1,g_g000606,1,2,5,1
1,g_g000607,1,2,4,1
5,g_g000610,10,2,6,1
7,g_g000610,10,2,5,1
2,g_g000610,10,1,6,1
4,g_g000610,10,1,6,1
6,g_g000610,10,2,5,1
1,g_g000610,1,1,6,1
3,g_g000610,10,1,6,1
1,g_g000611,7,1,4,1
1,g_g000614,1,1,4,1
1,g_g000618,3,2,7,1
3,g_g000618,4,2,8,3
2,g_g000618,5,2,4,1
2,g_g000619,2,1,3,1
1,g_g000619,1,1,5,1
3,g_g000619,2,1,3,1
1,g_g000622,1,2,4,1
2,g_g000622,2,1,1,1
2,g_g000629,2,1,2,1
1,g_g000629,1,1,5,1
3,g_g000629,2,1,1,1
3,g_g000636,7,1,4,3
2,g_g000636,7,2,4,3
1,g_g000636,8,1,3,1
2,g_g000637,2,1,1,1
1,g_g000637,1,1,4,1
3,g_g000637,2,1,1,1
1,g_g000638,3,2,6,3
1,g_g000639,8,1,4,1
1,g_g000642,1,2,4,1
3,g_g000642,2,1,1,1
2,g_g000642,2,2,2,1
1,g_g000643,1,2,4,1
1,g_g000648,7,2,3,3
1,g_g000651,1,1,4,1
1,g_g000653,1,1,5,1
3,g_g000653,2,2,1,1
2,g_g000653,2,1,2,1
2,g_g000654,2,1,1,1
1,g_g000654,1,1,4,1
3,g_g000654,2,2,1,1
1,g_g000657,1,1,4,1
3,g_g000657,2,2,1,1
2,g_g000657,2,1,1,1
2,g_g000658,3,2,8,1
1,g_g000658,1,2,6,1
2,g_g000665,2,2,1,1
1,g_g000665,1,1,4,1
1,g_g000670,1,1,5,1
3,g_g000670,2,1,1,1
2,g_g000670,2,1,1,1
1,g_g000672,1,1,5,1
3,g_g000672,2,2,1,1
2,g_g000672,2,1,1,1
2,g_g000675,2,2,1,1
1,g_g000675,1,1,4,1
3,g_g000675,2,1,1,1
1,g_g000680,1,2,5,1
3,g_g000680,2,1,1,1
2,g_g000680,2,2,1,1
2,g_g000681,2,2,1,1
1,g_g000681,1,1,4,1
3,g_g000681,2,2,1,1
1,g_g000685,8,2,4,1
2,g_g000687,2,1,2,1
1,g_g000687,1,1,5,1
1,g_g000688,1,1,6,1
2,g_g000688,2,1,2,1
1,g_g000695,7,2,4,3
3,g_g000695,7,2,4,3
2,g_g000695,7,2,4,3
2,g_g000698,5,2,3,1
1,g_g000698,1,1,4,1
3,g_g000698,3,2,6,1
1,g_g000701,8,1,3,1
1,g_g000702,2,1,2,1
3,g_g000702,3,2,8,1
2,g_g000702,2,1,2,1
1,g_g000714,7,2,4,1
1,g_g000716,1,1,4,1
1,g_g000717,4,2,8,1
3,g_g000717,5,2,4,1
2,g_g000717,3,2,7,1
2,g_g000719,2,1,1,1
1,g_g000719,1,1,5,1
2,g_g000722,2,1,1,1
1,g_g000722,1,1,5,1
3,g_g000722,2,1,1,1
1,g_g000727,1,2,4,1
2,g_g000727,2,2,1,1
1,g_g000730,1,1,4,1
3,g_g000730,2,2,1,1
2,g_g000730,2,2,1,1
2,g_g000732,2,2,1,1
1,g_g000732,1,1,4,1
2,g_g000734,2,1,1,1
4,g_g000734,3,2,7,1
1,g_g000734,1,1,4,1
3,g_g000734,3,1,7,1
2,g_g000735,2,2,1,1
1,g_g000735,2,2,1,1
3,g_g000736,2,2,1,1
2,g_g000736,2,2,1,1
1,g_g000736,1,2,4,1
2,g_g000742,7,2,3,1
1,g_g000742,7,2,3,1
3,g_g000742,7,1,3,1
1,g_g000743,1,2,4,1
3,g_g000743,2,2,1,1
2,g_g000743,2,1,1,1
2,g_g000747,2,1,1,1
1,g_g000747,3,2,7,1
1,g_g000751,1,1,4,1
1,g_g000754,7,2,6,3
3,g_g000754,7,2,6,3
2,g_g000754,7,2,6,1
2,g_g000756,10,1,7,1
1,g_g000756,10,1,7,1
3,g_g000756,10,1,8,1
1,g_g000758,8,2,3,3
2,g_g000769,2,2,1,1
1,g_g000769,1,1,5,1
1,g_g000770,1,2,4,1
1,g_g000773,7,2,4,1
2,g_g000775,2,1,1,1
1,g_g000775,1,1,5,1
2,g_g000776,4,2,8,1
1,g_g000776,3,2,6,1
2,g_g000779,7,2,4,1
1,g_g000779,7,2,3,1
2,g_g000781,2,2,1,1
4,g_g000781,2,2,1,1
1,g_g000781,1,2,5,1
3,g_g000781,2,2,1,1
5,g_g000781,2,2,1,1
2,g_g000782,2,1,1,1
1,g_g000782,1,1,4,1
1,g_g000785,8,1,5,1
1,g_g000786,1,2,5,1
3,g_g000786,2,1,1,1
2,g_g000786,2,1,1,1
1,g_g000789,7,1,3,1
1,g_g000790,1,1,5,1
3,g_g000790,2,1,1,1
2,g_g000790,2,2,1,1
4,g_g000790,2,1,1,1
1,g_g000792,1,1,5,1
3,g_g000792,2,2,1,1
5,g_g000792,3,2,8,3
2,g_g000792,2,2,1,1
4,g_g000792,3,1,8,3
1,g_g000794,9,2,5,3
14,g_g000794,9,2,5,3
3,g_g000794,9,2,5,3
16,g_g000794,9,2,5,3
5,g_g000794,9,2,5,3
18,g_g000794,9,2,5,3
7,g_g000794,9,2,5,3
20,g_g000794,9,2,5,3
9,g_g000794,9,2,5,3
11,g_g000794,9,2,5,3
13,g_g000794,9,2,5,3
2,g_g000794,9,2,5,3
15,g_g000794,9,2,5,3
4,g_g000794,9,2,5,3
17,g_g000794,9,2,5,3
6,g_g000794,9,2,5,3
19,g_g000794,9,2,5,3
8,g_g000794,9,2,5,3
10,g_g000794,9,2,5,3
12,g_g000794,9,2,5,3
1,g_g000796,7,2,3,2
1,g_g000804,1,2,5,1
3,g_g000804,2,1,1,1
2,g_g000804,2,1,2,1
2,g_g000807,2,1,2,1
1,g_g000807,1,2,5,1
3,g_g000807,2,2,1,1
1,g_g000808,1,1,6,1
1,g_g000809,3,2,8,1
2,g_g000812,3,2,6,1
1,g_g000812,3,1,6,1
2,g_g000815,2,2,1,1
1,g_g000815,1,1,5,1
2,g_g000818,2,1,1,1
1,g_g000818,1,1,5,1
3,g_g000818,2,1,1,1
1,g_g000819,1,2,5,1
3,g_g000819,2,2,1,1
2,g_g000819,2,1,1,1
2,g_g000820,2,2,2,1
1,g_g000820,1,1,5,1
3,g_g000820,2,2,2,1
1,g_g000826,1,1,4,1
3,g_g000826,2,2,1,1
2,g_g000826,2,2,1,1
1,g_g000831,1,1,5,1
3,g_g000831,2,1,1,1
2,g_g000831,2,1,1,1
2,g_g000832,2,2,2,1
1,g_g000832,1,1,5,1
3,g_g000832,2,2,1,1
1,g_g000834,1,1,5,1
3,g_g000834,2,1,1,1
2,g_g000834,2,2,1,1
1,g_g000842,1,1,5,1
3,g_g000842,2,2,1,1
5,g_g000842,7,2,5,1
7,g_g000842,11,2,1,1
2,g_g000842,2,1,2,1
4,g_g000842,7,1,5,1
6,g_g000842,11,1,2,1
1,g_g000859,1,1,5,1
2,g_g000859,2,1,1,1
2,g_g000861,2,2,1,1
4,g_g000861,3,2,7,1
1,g_g000861,1,1,5,1
3,g_g000861,3,1,8,1
2,g_g000862,2,2,1,1
1,g_g000862,1,2,4,1
11,g_g000866,3,2,8,1
13,g_g000866,6,1,1,1
2,g_g000866,6,1,8,1
4,g_g000866,6,2,7,1
6,g_g000866,6,2,6,1
8,g_g000866,6,2,8,1
10,g_g000866,3,1,8,1
12,g_g000866,6,2,5,1
1,g_g000866,6,1,8,1
3,g_g000866,6,2,7,1
5,g_g000866,6,1,6,1
7,g_g000866,6,1,8,1
9,g_g000866,6,2,8,1
2,g_g000867,5,1,5,1
1,g_g000867,1,1,5,1
3,g_g000867,6,1,2,1
1,g_g000869,7,2,3,1
1,g_g000871,1,1,6,1
1,g_g000875,1,1,4,1
2,g_g000875,2,1,1,1
1,g_g000880,8,1,4,1
17,g_g000881,6,1,1,3
2,g_g000881,2,2,1,1
4,g_g000881,3,2,8,3
6,g_g000881,5,2,5,3
8,g_g000881,5,2,5,3
10,g_g000881,6,2,5,3
12,g_g000881,6,1,2,3
14,g_g000881,6,1,2,3
16,g_g000881,6,1,1,3
1,g_g000881,1,2,5,1
3,g_g000881,3,1,8,3
5,g_g000881,5,1,6,3
7,g_g000881,5,1,5,3
9,g_g000881,5,1,5,3
11,g_g000881,6,1,2,3
13,g_g000881,6,1,2,3
15,g_g000881,6,1,2,3
1,g_g000883,11,2,4,1
1,g_g000892,1,2,5,1
2,g_g000892,2,2,1,1
1,g_g000898,8,2,3,3
2,g_g000899,2,1,2,1
1,g_g000899,1,1,6,2
2,g_g000901,2,2,1,1
1,g_g000901,1,1,5,1
3,g_g000901,2,1,1,1
1,g_g000906,1,1,6,1
3,g_g000906,2,1,2,1
2,g_g000906,2,1,2,1
1,g_g000907,8,2,3,1
1,g_g000910,3,1,7,1
3,g_g000910,5,2,3,1
2,g_g000910,3,2,6,1
1,g_g000913,1,1,4,1
2,g_g000913,2,2,1,1
1,g_g000920,7,2,6,2
2,g_g000931,3,1,8,1
1,g_g000931,2,2,2,1
3,g_g000931,3,2,7,1
1,g_g000935,1,1,4,1
1,g_g000937,2,1,2,1
2,g_g000938,2,2,2,1
4,g_g000938,2,2,1,1
6,g_g000938,7,2,5,3
8,g_g000938,11,2,2,3
1,g_g000938,1,1,5,1
3,g_g000938,2,2,2,1
5,g_g000938,7,1,5,3
7,g_g000938,11,1,2,3
9,g_g000938,11,1,1,3
1,g_g000939,1,2,4,1
3,g_g000939,3,2,7,2
2,g_g000939,2,1,1,1
2,g_g000940,7,2,4,1
1,g_g000940,7,2,4,1
2,g_g000943,3,2,6,1
1,g_g000943,3,1,6,1
2,g_g000944,7,1,3,2
1,g_g000944,7,1,3,1
1,g_g000946,1,2,6,1
1,g_g000947,8,1,4,1
1,g_g000949,1,1,5,1
2,g_g000949,2,2,1,1
1,g_g000950,10,2,6,1
3,g_g000950,10,2,5,1
2,g_g000950,10,2,6,1
1,g_g000952,8,1,5,1
2,g_g000954,3,1,8,2
4,g_g000954,2,1,2,1
6,g_g000954,5,2,4,3
1,g_g000954,1,1,5,1
3,g_g000954,2,1,2,1
5,g_g000954,3,2,8,3
1,g_g000957,7,2,3,1
1,g_g000958,1,2,4,1
1,g_g000959,1,1,5,1
3,g_g000959,2,1,2,1
2,g_g000959,2,1,2,1
1,g_g000965,1,1,4,1
1,g_g000967,7,2,3,1
3,g_g000967,7,2,3,3
2,g_g000967,7,2,3,3
1,g_g000972,1,1,4,1
1,g_g000974,2,2,4,1
2,g_g000976,2,1,2,1
1,g_g000976,1,1,5,1
3,g_g000976,2,1,1,1
3,g_g000983,11,1,2,1
2,g_g000983,11,2,2,1
1,g_g000983,2,2,5,1
1,g_g000985,7,2,3,2
1,g_g000986,8,2,3,1
1,g_g000987,8,2,4,3
1,g_g000988,8,2,4,1
2,g_g000991,2,2,1,1
1,g_g000991,1,2,4,1
1,g_g000993,8,2,3,1
1,g_g000998,8,1,4,1
1,g_g001002,8,2,4,3
1,g_g001004,7,1,4,3
1,g_g001006,1,1,4,1
1,g_g001008,1,2,5,1
3,g_g001008,2,1,1,1
2,g_g001008,2,2,2,1
1,g_g001011,1,1,5,1
3,g_g001011,2,1,1,1
2,g_g001011,2,2,2,1
1,g_g001014,8,1,4,1
2,g_g001016,7,2,3,1
1,g_g001016,7,2,3,1
2,g_g001019,2,2,1,1
1,g_g001019,1,1,5,1
1,g_g001022,1,2,6,1
2,g_g001026,2,1,2,1
1,g_g001026,1,1,4,1
3,g_g001026,2,2,1,1
1,g_g001028,1,1,4,1
2,g_g001028,2,2,1,1
1,g_g001030,3,2,7,1
3,g_g001030,1,2,4,1
2,g_g001030,3,1,7,1
1,g_g001033,1,1,4,1
2,g_g001034,2,2,1,1
1,g_g001034,1,1,5,1
3,g_g001034,2,1,1,1
1,g_g001036,1,1,4,1
3,g_g001036,7,2,3,3
2,g_g001036,7,1,4,3
4,g_g001036,11,2,1,3
1,g_g001038,2,2,1,1
2,g_g001038,2,2,1,1
1,g_g001040,8,1,4,1
2,g_g001041,2,2,1,1
1,g_g001041,1,2,5,1
2,g_g001046,2,1,3,1
1,g_g001046,1,1,6,1
2,g_g001047,7,2,3,1
1,g_g001047,7,2,3,1
2,g_g001050,3,2,8,1
1,g_g001050,1,1,6,1
1,g_g001052,8,2,4,1
1,g_g001056,3,2,8,1
3,g_g001056,2,1,1,1
2,g_g001056,5,2,4,1
4,g_g001056,6,1,1,1
1,g_g001063,1,1,5,1
3,g_g001063,2,1,1,1
2,g_g001063,2,1,1,1
1,g_g001068,11,2,4,1
2,g_g001070,2,1,2,1
4,g_g001070,3,2,8,3
1,g_g001070,1,2,5,1
3,g_g001070,3,1,8,3
2,g_g001076,2,2,2,1
1,g_g001076,1,2,5,1
3,g_g001076,2,1,1,1
2,g_g001077,11,1,4,3
1,g_g001077,8,1,4,1
3,g_g001077,11,2,4,3
1,g_g001081,2,2,2,1
2,g_g001081,2,2,2,1
1,g_g001083,8,1,3,1
1,g_g001086,3,2,7,1
2,g_g001095,7,2,4,1
1,g_g001095,7,1,4,1
3,g_g001095,7,2,4,3
1,g_g001100,1,1,6,1
2,g_g001100,2,2,3,1
1,g_g001101,1,2,5,1
2,g_g001101,2,2,1,1
1,g_g001103,6,2,4,3
2,g_g001104,7,2,4,1
1,g_g001104,7,1,4,1
1,g_g001106,5,1,4,2
1,g_g001107,7,1,4,1
1,g_g001109,5,1,5,1
3,g_g001109,2,2,1,1
2,g_g001109,5,2,5,1
2,g_g001111,2,1,1,1
4,g_g001111,5,1,4,3
1,g_g001111,1,2,4,1
3,g_g001111,5,2,4,3
1,g_g001112,7,2,4,3
1,g_g001114,8,2,3,1
2,g_g001129,3,2,6,1
1,g_g001129,3,1,6,1
1,g_g001132,8,1,4,1
1,g_g001133,1,1,6,1
1,g_g001135,7,2,4,1
2,g_g001136,7,2,4,1
1,g_g001136,7,1,4,1
2,g_g001138,2,1,2,1
1,g_g001138,1,1,5,1
1,g_g001144,3,2,7,1
1,g_g001148,3,1,7,1
3,g_g001148,5,1,3,3
2,g_g001148,3,2,6,1
2,g_g001151,3,1,8,1
1,g_g001151,1,1,5,1
3,g_g001151,3,2,8,1
1,g_g001154,1,1,5,1
3,g_g001154,2,1,1,1
2,g_g001154,2,2,2,1
2,g_g001156,9,1,5,1
1,g_g001156,9,1,5,1
1,g_g001164,8,1,3,1
1,g_g001166,1,1,5,1
1,g_g001169,1,1,6,1
1,g_g001171,1,2,4,1
3,g_g001171,2,2,1,1
2,g_g001171,2,2,1,1
2,g_g001178,7,1,4,3
1,g_g001178,7,1,4,1
2,g_g001189,3,2,8,1
1,g_g001189,3,1,8,1
3,g_g001189,2,1,3,1
1,g_g001191,1,2,6,1
1,g_g001197,3,2,8,1
1,g_g001199,1,1,5,1
1,g_g001200,8,1,4,1
2,g_g001203,2,2,3,1
1,g_g001203,1,1,6,1
2,g_g001204,2,1,1,1
1,g_g001204,1,2,5,1
1,g_g001206,7,2,4,1
1,g_g001208,1,1,4,1
2,g_g001208,2,1,1,1
1,g_g001209,3,2,7,1
2,g_g001219,3,2,7,1
1,g_g001219,3,1,7,1
3,g_g001221,2,1,2,1
2,g_g001221,2,2,2,1
1,g_g001221,1,1,5,1
1,g_g001222,9,2,3,1
1,g_g001223,1,1,5,1
3,g_g001223,2,2,2,1
2,g_g001223,2,2,2,1
1,g_g001224,8,1,4,3
1,g_g001227,2,1,2,1
2,g_g001227,2,1,2,1
1,g_g001230,1,1,4,1
3,g_g001230,6,1,3,1
2,g_g001230,6,1,3,1
1,g_g001231,8,1,4,1
3,g_g001233,2,1,1,1
2,g_g001233,2,1,1,1
1,g_g001233,1,2,4,1
1,g_g001237,1,1,4,1
1,g_g001243,8,2,4,1
1,g_g001250,8,1,3,1
1,g_g001256,7,2,3,1
2,g_g001256,7,2,3,1
1,g_g001257,3,2,8,1
2,g_g001257,5,2,5,1
1,g_g001258,9,2,5,1
3,g_g001258,9,2,6,1
5,g_g001258,9,2,6,1
2,g_g001258,9,2,4,1
4,g_g001258,9,2,5,1
2,g_g001261,2,2,1,1
1,g_g001261,1,1,5,1
2,g_g001273,2,1,2,1
1,g_g001273,1,1,5,1
2,g_g001276,2,2,1,1
1,g_g001276,1,1,5,1
1,g_g001280,8,1,3,1
1,g_g001288,1,1,4,1
1,g_g001289,3,1,8,1
3,g_g001289,5,2,6,1
2,g_g001289,3,2,8,1
4,g_g001289,1,1,6,1
4,g_g001290,6,2,6,1
1,g_g001290,3,1,8,1
3,g_g001290,5,2,6,1
2,g_g001290,3,2,8,1
1,g_g001291,1,1,5,1
1,g_g001293,3,2,6,1
2,g_g001296,7,1,4,3
1,g_g001296,7,1,4,3
2,g_g001299,7,2,4,1
4,g_g001299,7,1,4,1
1,g_g001299,7,2,4,3
3,g_g001299,7,2,4,1
2,g_g001300,5,2,2,1
1,g_g001300,3,1,6,1
3,g_g001300,6,2,6,1
1,g_g001301,8,2,4,1
1,g_g001305,3,2,6,3
1,g_g001309,5,1,2,1
1,g_g001313,7,2,3,1
2,g_g001315,2,2,2,1
1,g_g001315,1,2,5,1
3,g_g001315,2,2,1,1
1,g_g001319,1,1,6,1
3,g_g001319,2,2,3,3
2,g_g001319,2,1,4,3
1,g_g001320,8,1,4,1
1,g_g001322,8,2,4,1
1,g_g001323,1,1,6,1
1,g_g001329,1,2,4,1
1,g_g001337,8,1,3,3
2,g_g001343,2,1,1,1
4,g_g001343,2,1,1,1
1,g_g001343,1,1,4,1
3,g_g001343,2,1,1,1
1,g_g001344,3,2,7,1
1,g_g001346,1,2,5,3
3,g_g001346,2,2,1,1
2,g_g001346,2,1,1,1
2,g_g001350,2,2,1,1
1,g_g001350,2,1,1,1
1,g_g001352,3,1,6,1
3,g_g001352,5,2,4,1
2,g_g001352,3,2,6,1
1,g_g001353,8,1,3,3
1,g_g001362,3,1,6,1
3,g_g001362,5,2,3,1
2,g_g001362,3,2,6,1
1,g_g001364,1,1,4,1
1,g_g001371,1,1,4,1
2,g_g001371,2,1,1,1
2,g_g001374,2,1,1,1
4,g_g001374,9,1,3,1
6,g_g001374,11,1,1,1
1,g_g001374,1,2,4,1
3,g_g001374,2,2,1,1
5,g_g001374,9,2,3,1
7,g_g001374,11,2,1,1
1,g_g001381,8,1,4,1
2,g_g001383,7,2,3,1
1,g_g001383,7,2,3,1
3,g_g001383,7,2,3,1
1,g_g001386,1,2,5,1
3,g_g001386,2,2,2,1
2,g_g001386,2,2,2,1
2,g_g001388,2,1,1,1
1,g_g001388,1,1,4,1
3,g_g001388,2,2,1,1
1,g_g001556,1,1,5,1
2,g_g001563,2,2,2,1
1,g_g001563,1,2,5,1
1,g_g001564,1,1,4,1
2,g_g001564,2,1,1,1
1,g_g001565,2,1,2,1
1,g_g001566,1,2,4,1
1,g_g001567,1,1,4,1
2,g_g001567,2,2,1,1
1,g_g001575,1,2,4,1
3,g_g001575,3,2,6,1
5,g_g001575,2,1,1,1
2,g_g001575,3,1,6,1
4,g_g001575,5,1,4,3
1,g_g001576,3,2,7,1
1,g_g001584,7,2,4,1
1,g_g001587,8,1,4,1
1,g_g001598,1,1,5,1
3,g_g001598,2,2,1,1
5,g_g001598,11,2,5,3
2,g_g001598,2,1,2,1
4,g_g001598,11,1,5,3
6,g_g001598,11,1,1,3
1,g_g001599,8,1,3,1
1,g_g001603,8,2,5,1
1,g_g001606,2,1,1,1
1,g_g001611,7,2,4,3
1,g_g001612,2,1,1,1
2,g_g001612,2,2,2,1
1,g_g001614,1,1,4,1
3,g_g001615,2,2,1,1
2,g_g001615,2,1,1,1
1,g_g001615,1,2,4,1
1,g_g001619,1,1,7,1
1,g_g001623,1,1,5,1
3,g_g001623,2,2,2,1
2,g_g001623,2,1,1,1
1,g_g001625,1,1,6,1
2,g_g001627,3,1,8,1
1,g_g001627,1,1,4,1
3,g_g001627,3,2,7,1
1,g_g001630,3,2,6,1
2,g_g001640,2,2,2,1
1,g_g001640,1,1,6,1
3,g_g001640,2,2,2,1
1,g_g001644,7,2,4,1
2,g_g001645,2,2,1,1
4,g_g001645,2,2,1,1
1,g_g001645,1,1,5,1
3,g_g001645,2,1,1,1
2,g_g001646,3,2,7,1
1,g_g001646,3,1,7,1
3,g_g001646,4,2,8,1
1,g_g001648,7,2,4,3
2,g_g001650,2,1,1,1
1,g_g001650,1,1,5,1
3,g_g001650,2,2,1,1
1,g_g001651,1,1,4,1
1,g_g001662,1,2,4,1
2,g_g001662,2,2,1,1
1,g_g001665,1,1,7,1
2,g_g001665,2,2,5,1
1,g_g001668,8,1,3,3
1,g_g001673,8,2,3,1
2,g_g001674,2,2,1,1
1,g_g001674,1,1,4,1
2,g_g001677,2,2,1,1
1,g_g001677,1,1,5,1
3,g_g001677,2,2,1,1
1,g_g001678,7,2,4,1
2,g_g001678,7,2,4,1
1,g_g001679,7,1,4,2
1,g_g001681,8,2,3,1
2,g_g001682,2,1,1,1
1,g_g001682,1,2,4,1
1,g_g001686,1,1,4,1
1,g_g001689,8,1,4,1
2,g_g001690,7,2,3,3
1,g_g001690,7,2,3,1
2,g_g001692,2,1,3,2
1,g_g001692,1,1,6,1
1,g_g001693,8,1,3,1
1,g_g001694,7,2,3,1
2,g_g001697,2,1,2,1
1,g_g001697,2,2,5,1
3,g_g001697,2,2,1,1
1,g_g001700,7,1,4,1
2,g_g001700,7,1,4,1
2,g_g001701,2,1,2,1
1,g_g001701,1,2,5,1
1,g_g001702,8,1,3,1
1,g_g001703,8,2,3,1
1,g_g001708,1,1,4,1
1,g_g001715,3,1,8,1
3,g_g001715,5,2,5,1
2,g_g001715,3,2,8,1
1,g_g001718,8,1,4,1
1,g_g001721,7,1,4,1
2,g_g001721,7,1,4,1
1,g_g001722,3,2,6,1
1,g_g001724,8,1,4,1
1,g_g001733,8,1,3,1
1,g_g001740,3,2,6,1
1,g_g001753,5,2,4,3
2,g_g001755,2,1,2,1
1,g_g001755,1,2,4,1
3,g_g001755,2,1,1,1
1,g_g001761,1,2,6,1
2,g_g001761,2,2,3,1
2,g_g001763,2,2,1,1
1,g_g001763,1,1,5,1
3,g_g001763,2,2,2,1
1,g_g001764,1,2,5,1
2,g_g001764,2,1,2,1
1,g_g001765,8,2,3,1
2,g_g001768,3,2,7,1
4,g_g001768,2,1,1,1
1,g_g001768,1,1,4,1
3,g_g001768,2,1,1,1
1,g_g001779,7,2,4,1
4,g_g001780,3,2,8,1
1,g_g001780,2,1,1,1
3,g_g001780,3,1,8,1
2,g_g001780,2,1,1,1
1,g_g001786,1,1,5,1
3,g_g001786,2,1,1,1
2,g_g001786,2,2,2,1
1,g_g001789,7,2,3,1
2,g_g001791,3,1,7,1
1,g_g001791,3,1,7,1
1,g_g001794,5,2,3,1
1,g_g001795,1,1,5,1
3,g_g001795,2,2,2,1
2,g_g001795,2,1,2,1
1,g_g001797,2,1,2,1
3,g_g001797,3,1,7,1
2,g_g001797,2,1,2,1
4,g_g001797,3,2,7,1
1,g_g001798,1,2,4,1
2,g_g001798,2,1,1,1
1,g_g001799,5,2,3,1
2,g_g001803,2,2,2,1
1,g_g001803,1,1,5,1
3,g_g001803,2,2,2,1
1,g_g001806,1,1,4,1
2,g_g001810,2,2,1,1
1,g_g001810,1,2,4,1
3,g_g001810,2,1,1,1
1,g_g001812,1,1,4,1
3,g_g001812,2,1,1,1
2,g_g001812,2,1,1,1
1,g_g001818,9,2,3,3
3,g_g001818,9,2,3,3
2,g_g001818,9,2,3,3
1,g_g001819,8,2,3,1
2,g_g001826,2,2,2,1
4,g_g001826,2,2,1,1
1,g_g001826,1,1,5,1
3,g_g001826,2,2,2,1
2,g_g001832,2,1,1,1
1,g_g001832,1,1,4,1
2,g_g001833,2,2,1,1
1,g_g001833,1,1,4,1
3,g_g001833,2,2,1,1
2,g_g001834,7,1,3,3
1,g_g001834,8,1,3,1
3,g_g001834,7,2,3,3
1,g_g001836,2,1,1,1
2,g_g001836,2,2,1,1
1,g_g001837,8,1,3,1
1,g_g001846,8,2,3,3
2,g_g001850,3,1,8,1
1,g_g001850,3,2,7,1
1,g_g001856,1,1,5,1
1,g_g001857,2,2,4,1
3,g_g001859,2,1,2,1
2,g_g001859,3,2,7,1
1,g_g001859,3,1,8,1
2,g_g001868,8,1,5,1
1,g_g001868,3,2,8,1
2,g_g001875,2,1,1,1
1,g_g001875,1,2,4,1
3,g_g001875,2,2,1,1
1,g_g001876,7,1,6,1
3,g_g001876,7,2,4,1
2,g_g001876,7,1,5,1
2,g_g001877,2,1,1,1
1,g_g001877,1,1,4,1
1,g_g001879,1,1,4,1
1,g_g001880,11,1,7,1
3,g_g001880,11,2,7,1
5,g_g001880,8,1,4,1
2,g_g001880,11,1,4,1
4,g_g001880,3,1,7,1
1,g_g001881,8,2,3,1
1,g_g001882,8,1,3,1
2,g_g001882,5,1,2,1
1,g_g001884,6,2,6,1
1,g_g001888,1,1,5,1
2,g_g001888,2,1,1,1
1,g_g001890,1,1,5,1
1,g_g001895,8,1,4,1
1,g_g001900,1,2,4,1
2,g_g001913,2,1,1,1
1,g_g001913,1,1,4,1
1,g_g001914,3,2,6,1
1,g_g001916,7,2,3,1
2,g_g001920,2,1,1,1
1,g_g001920,5,2,4,1
3,g_g001920,2,1,1,1
1,g_g001929,7,2,4,1
1,g_g001932,8,1,3,1
2,g_g001947,7,2,3,1
1,g_g001947,7,2,3,1
3,g_g001947,7,2,3,1
1,g_g001954,8,1,4,1
1,g_g001963,1,2,5,1
1,g_g001965,3,1,6,1
3,g_g001965,5,1,3,1
2,g_g001965,3,2,6,1
2,g_g001977,2,2,4,1
4,g_g001977,11,2,1,1
1,g_g001977,2,1,4,1
3,g_g001977,11,1,1,1
1,g_g001981,8,2,3,1
1,g_g001984,8,1,3,1
1,g_g001993,1,1,4,1
2,g_g002014,2,2,1,2
1,g_g002014,1,2,4,1
1,g_g002017,1,1,4,1
1,g_g002019,7,2,3,1
3,g_g002028,2,1,1,1
2,g_g002028,2,1,1,1
1,g_g002028,1,2,5,1
2,g_g002032,2,1,1,1
4,g_g002032,7,2,4,3
6,g_g002032,11,2,1,3
1,g_g002032,1,1,5,1
3,g_g002032,7,1,5,3
5,g_g002032,11,1,1,3
1,g_g002035,2,2,3,1
1,g_g002037,8,1,4,1
1,g_g002041,1,1,7,1
1,g_g002046,1,1,5,1
1,g_g002056,7,2,6,1
3,g_g002056,7,2,5,1
2,g_g002056,7,2,6,3
2,g_g002059,2,2,3,1
1,g_g002059,1,2,6,1
1,g_g002073,1,1,4,1
1,g_g002075,7,2,4,1
2,g_g002075,7,2,4,1
1,g_g002078,8,1,3,3
3,g_g002078,7,2,3,3
2,g_g002078,7,2,4,3
2,g_g002088,3,2,6,1
1,g_g002088,3,1,6,1
1,g_g002089,8,1,3,3
1,g_g002094,8,2,3,3
1,g_g002098,1,2,7,1
2,g_g002098,6,1,7,1
1,g_g002104,8,1,4,1
1,g_g002109,1,1,8,1
2,g_g002109,2,2,4,1
1,g_g002110,3,1,8,1
3,g_g002110,5,2,4,1
2,g_g002110,3,2,7,1
1,g_g002120,3,2,8,1
1,g_g002122,11,2,1,1
1,g_g002127,8,1,4,1
2,g_g002130,2,1,2,1
4,g_g002130,5,2,4,1
6,g_g002130,6,1,1,1
1,g_g002130,2,2,2,1
3,g_g002130,2,1,1,1
5,g_g002130,6,2,1,1
7,g_g002130,3,2,7,2
1,g_g002134,8,1,4,1
1,g_g002144,8,1,3,1
1,g_g002151,7,2,3,1
2,g_g002152,3,2,6,1
1,g_g002152,3,1,6,1
1,g_g002154,1,2,4,1
1,g_g002156,8,1,3,1
1,g_g002159,8,1,5,1
1,g_g002164,8,2,3,3
1,g_g002176,1,1,4,1
2,g_g002176,2,1,1,1
1,g_g002178,8,1,3,1
1,g_g002189,7,2,3,3
1,g_g002190,6,2,3,1
1,g_g002195,1,1,4,1
1,g_g002202,8,1,4,1
3,g_g002207,6,2,3,1
2,g_g002207,6,2,4,1
1,g_g002207,5,2,6,1
1,g_g002212,8,2,4,3
1,g_g002214,7,1,4,3
3,g_g002214,7,1,4,3
2,g_g002214,7,1,4,3
4,g_g002214,7,1,4,3
1,g_g002219,1,2,4,1
2,g_g002219,2,1,1,1
1,g_g002220,7,1,6,1
2,g_g002222,2,1,2,1
1,g_g002222,1,1,5,1
1,g_g002223,7,1,4,1
1,g_g002230,7,2,3,3
2,g_g002230,7,2,4,3
1,g_g002232,8,2,3,1
1,g_g002233,1,2,4,1
1,g_g002235,3,2,8,1
1,g_g002238,3,2,6,1
2,g_g002241,2,2,1,1
4,g_g002241,11,1,1,1
1,g_g002241,5,2,4,1
3,g_g002241,3,2,6,1
1,g_g002244,2,2,3,1
5,g_g002245,10,2,5,3
7,g_g002245,10,2,4,3
9,g_g002245,10,2,1,3
1,g_g002245,1,1,5,1
3,g_g002245,2,2,2,1
4,g_g002245,10,1,5,3
6,g_g002245,10,1,5,3
8,g_g002245,10,1,1,3
2,g_g002245,2,1,2,1
2,g_g002247,5,1,3,2
1,g_g002247,3,2,6,1
1,g_g002255,1,2,4,1
2,g_g002256,3,2,7,1
1,g_g002256,3,1,8,1
3,g_g002256,5,2,3,1
1,g_g002258,5,1,5,3
3,g_g002258,6,2,1,3
5,g_g002258,5,2,5,3
7,g_g002258,2,2,1,1
2,g_g002258,5,2,5,3
4,g_g002258,5,1,5,3
6,g_g002258,6,2,1,3
8,g_g002258,1,2,5,1
1,g_g002262,1,1,5,1
2,g_g002262,2,2,1,1
1,g_g002264,8,1,4,1
1,g_g002271,8,1,3,3
1,g_g002273,1,1,5,1
3,g_g002273,2,2,2,1
2,g_g002273,2,1,1,1
1,g_g002275,1,2,4,1
1,g_g002412,3,2,6,1
2,g_g002412,5,2,3,1
1,g_g002416,1,2,4,1
3,g_g002416,2,1,1,1
2,g_g002416,2,2,2,1
1,g_g002421,8,2,4,1
1,g_g002429,7,2,6,1
1,g_g002438,7,2,5,1
3,g_g002438,7,2,5,1
2,g_g002438,7,2,5,1
4,g_g002438,7,2,5,1
1,g_g002440,8,2,3,1
1,g_g002441,1,2,5,1
3,g_g002441,2,2,1,1
2,g_g002441,2,2,2,1
2,g_g002445,7,2,3,1
1,g_g002445,7,2,3,1
1,g_g002446,8,2,3,1
1,g_g002460,8,1,6,1
1,g_g002465,2,2,3,1
2,g_g002466,2,1,1,1
1,g_g002466,1,1,4,1
1,g_g002472,1,1,8,1
3,g_g002472,2,2,4,1
2,g_g002472,2,2,4,1
1,g_g002473,8,2,4,1
1,g_g002475,1,1,6,1
3,g_g002475,2,1,3,1
2,g_g002475,2,1,3,1
1,g_g002478,8,1,3,1
1,g_g002492,1,2,4,1
2,g_g002492,2,1,1,1
1,g_g002496,1,1,7,1
3,g_g002496,11,1,5,1
5,g_g002496,11,1,1,1
2,g_g002496,2,2,4,1
4,g_g002496,11,2,1,1
1,g_g002500,2,1,2,1
1,g_g002512,1,1,4,1
2,g_g002513,5,2,4,1
1,g_g002513,3,2,6,1
1,g_g002516,1,2,4,1
1,g_g002519,2,1,2,1
3,g_g002519,6,2,1,3
2,g_g002519,5,2,4,3
2,g_g002521,2,1,1,1
1,g_g002521,1,1,5,1
1,g_g002533,1,1,5,1
2,g_g002533,2,2,1,1
1,g_g002538,8,2,3,1
1,g_g002542,8,2,4,3
1,g_g002543,1,2,4,1
1,g_g002545,7,2,3,2
3,g_g002545,7,2,3,1
2,g_g002545,7,2,3,1
2,g_g002546,2,1,1,1
4,g_g002546,5,2,3,1
1,g_g002546,1,2,4,1
3,g_g002546,3,2,6,1
2,g_g002552,7,2,3,1
1,g_g002552,7,2,3,1
3,g_g002552,7,2,3,1
1,g_g002560,7,2,3,1
1,g_g002565,1,2,4,1
2,g_g002565,2,2,1,1
1,g_g002570,8,1,4,1
2,g_g002585,2,2,1,1
1,g_g002585,1,1,5,1
2,g_g002588,2,2,1,1
1,g_g002588,1,2,4,1
3,g_g002593,2,2,1,1
2,g_g002593,2,2,1,1
1,g_g002593,1,2,4,1
1,g_g002603,1,1,4,1
1,g_g002606,1,2,6,1
2,g_g002607,2,2,1,1
1,g_g002607,1,2,4,1
3,g_g002607,2,1,1,1
1,g_g002612,8,2,3,1
1,g_g002616,1,2,7,1
2,g_g002622,7,2,3,1
1,g_g002622,7,2,3,1
3,g_g002622,7,2,3,1
2,g_g002624,2,2,1,1
1,g_g002624,1,2,5,1
1,g_g002626,6,2,8,1
2,g_g002627,2,1,1,1
1,g_g002627,1,1,5,1
3,g_g002627,2,1,1,1
1,g_g002631,3,2,6,1
1,g_g002633,1,1,4,1
1,g_g002634,8,1,3,1
1,g_g002636,1,1,5,1
1,g_g002638,7,2,3,1
2,g_g002647,2,2,1,1
1,g_g002647,1,1,4,1
2,g_g002648,2,1,1,1
1,g_g002648,1,1,5,1
3,g_g002648,3,2,7,1
1,g_g002658,7,2,4,1
3,g_g002658,7,2,4,1
2,g_g002658,7,2,4,1
1,g_g002668,8,1,4,3
1,g_g002671,8,1,3,1
1,g_g002679,1,1,4,1
2,g_g002679,2,1,1,1
1,g_g002680,8,1,4,1
2,g_g002683,2,1,2,1
1,g_g002683,1,2,5,1
3,g_g002683,2,2,1,1
1,g_g002688,1,1,4,1
3,g_g002688,3,1,7,1
2,g_g002688,2,1,1,1
4,g_g002688,3,2,6,1
1,g_g002690,8,1,3,1
2,g_g002691,2,1,3,2
1,g_g002691,1,1,7,1
1,g_g002693,7,2,4,1
1,g_g002702,2,2,2,3
2,g_g002702,2,1,2,3
1,g_g002703,1,1,6,1
2,g_g002704,6,1,1,1
1,g_g002704,5,2,5,1
3,g_g002704,6,1,1,1
1,g_g002705,7,2,3,1
2,g_g002705,7,2,3,1
2,g_g002711,3,1,7,3
1,g_g002711,1,1,4,1
3,g_g002711,3,2,7,3
1,g_g002718,7,1,4,3
3,g_g002718,7,1,4,3
2,g_g002718,7,1,4,3
4,g_g002718,7,1,4,3
1,g_g002719,8,2,3,1
1,g_g002731,7,1,4,1
1,g_g002732,8,1,3,1
1,g_g002735,7,1,4,3
1,g_g002738,1,2,6,1
1,g_g002745,1,2,5,1
1,g_g002752,8,1,3,1
1,g_g002753,8,1,3,1
1,g_g002759,1,1,5,1
3,g_g002759,2,1,2,1
2,g_g002759,2,2,2,1
2,g_g002760,2,1,2,1
1,g_g002760,1,1,5,1
3,g_g002760,2,1,2,1
1,g_g002762,1,1,5,1
3,g_g002762,2,2,1,1
2,g_g002762,2,1,1,1
2,g_g002764,2,2,3,1
1,g_g002764,1,1,6,1
3,g_g002764,2,2,2,1
1,g_g002766,3,1,7,1
3,g_g002766,6,1,5,1
5,g_g002766,6,1,1,1
7,g_g002766,1,1,5,3
2,g_g002766,3,2,7,1
4,g_g002766,5,2,5,1
6,g_g002766,6,2,1,1
1,g_g002767,2,1,1,1
1,g_g002770,8,1,4,1
1,g_g002776,1,1,4,1
2,g_g002776,2,1,1,1
1,g_g002784,8,2,4,1
1,g_g002793,8,2,3,1
1,g_g002795,1,2,6,1
2,g_g002798,7,1,3,3
1,g_g002798,7,2,4,3
3,g_g002798,7,1,3,1
1,g_g002802,1,1,5,1
1,g_g002804,9,2,4,1
1,g_g002809,8,2,3,1
1,g_g002811,8,1,3,1
1,g_g002819,5,2,4,1
1,g_g002820,1,1,5,1
3,g_g002820,2,2,1,1
2,g_g002820,2,2,2,1
2,g_g002825,7,1,3,1
1,g_g002825,7,1,3,1
1,g_g002827,8,1,3,1
1,g_g002828,7,1,6,1
4,g_g002829,3,2,8,1
1,g_g002829,1,2,5,1
3,g_g002829,3,1,8,1
2,g_g002829,2,2,1,1
1,g_g002832,8,1,4,3
1,g_g002833,1,1,5,3
3,g_g002833,2,2,1,1
2,g_g002833,2,1,1,1
4,g_g002833,2,2,1,1
1,g_g002837,7,2,4,1
2,g_g002838,7,1,3,1
4,g_g002838,7,1,3,1
6,g_g002838,7,2,3,1
1,g_g002838,7,1,3,1
3,g_g002838,7,1,3,1
5,g_g002838,7,2,3,1
7,g_g002838,7,2,3,1
1,g_g002841,8,1,3,1
3,g_g002842,2,1,1,1
2,g_g002842,2,1,1,1
1,g_g002842,1,1,5,1
1,g_g002851,7,1,3,3
1,g_g002854,7,2,4,1
3,g_g002854,7,2,4,1
2,g_g002854,7,2,4,1
1,g_g002867,7,2,3,3
1,g_g002872,3,1,6,1
3,g_g002872,8,1,4,1
5,g_g002872,3,2,6,1
2,g_g002872,5,1,3,1
4,g_g002872,11,2,3,1
2,g_g002874,3,2,7,3
4,g_g002874,6,2,2,3
1,g_g002874,2,2,1,1
3,g_g002874,5,2,5,3
1,g_g002875,8,1,3,1
1,g_g002880,8,2,3,1
1,g_g002886,5,2,3,1
1,g_g002887,1,2,4,1
2,g_g002890,2,2,3,1
1,g_g002890,2,1,3,1
11,g_g002891,6,2,6,3
2,g_g002891,3,2,6,1
4,g_g002891,5,1,3,3
6,g_g002891,6,1,5,3
8,g_g002891,6,1,5,3
10,g_g002891,6,1,6,3
1,g_g002891,3,1,6,1
3,g_g002891,4,2,8,3
5,g_g002891,5,2,3,1
7,g_g002891,6,2,5,3
9,g_g002891,6,2,5,3
1,g_g002896,8,2,3,3
1,g_g002897,7,2,3,1
1,g_g002900,8,2,4,1
1,g_g002903,1,1,4,1
3,g_g002903,2,2,1,1
2,g_g002903,2,2,2,1
1,g_g002906,8,1,4,1
1,g_g002907,8,2,4,1
2,g_g002908,6,1,8,1
4,g_g002908,6,2,7,1
1,g_g002908,1,1,8,1
3,g_g002908,6,2,8,1
1,g_g002912,8,2,3,1
2,g_g002916,2,2,2,1
4,g_g002916,2,1,1,1
1,g_g002916,1,2,5,1
3,g_g002916,2,2,2,1
2,g_g002918,3,2,8,1
1,g_g002918,3,1,8,1
1,g_g002933,8,1,3,1
1,g_g002943,1,1,6,1
1,g_g002944,3,1,6,1
3,g_g002944,5,1,3,1
2,g_g002944,3,2,6,1
4,g_g002944,5,2,3,1
3,g_g002949,2,2,1,1
2,g_g002949,2,2,1,1
1,g_g002949,1,2,5,1
1,g_g002952,8,1,3,1
1,g_g002953,1,2,5,1
3,g_g002953,2,1,2,1
2,g_g002953,2,2,2,1
1,g_g002963,8,1,3,3
1,g_g002967,1,2,6,1
2,g_g002974,6,2,1,1
4,g_g002974,3,2,7,3
1,g_g002974,2,2,2,1
3,g_g002974,3,1,7,3
1,g_g002975,3,2,7,1
2,g_g002986,2,1,1,1
4,g_g002986,7,1,4,3
1,g_g002986,1,1,4,1
3,g_g002986,7,2,4,3
1,g_g002988,8,1,3,1
1,g_g002989,7,2,3,1
1,g_g002991,8,1,4,1
1,g_g002993,8,1,3,3
3,g_g002993,10,2,3,3
5,g_g002993,10,1,3,3
7,g_g002993,10,1,3,3
2,g_g002993,10,2,3,3
4,g_g002993,10,1,3,3
6,g_g002993,10,1,3,3
8,g_g002993,10,1,3,3
1,g_g003004,9,2,4,3
3,g_g003019,2,2,2,1
5,g_g003019,7,2,6,3
7,g_g003019,7,1,6,3
9,g_g003019,7,1,6,3
2,g_g003019,2,1,2,1
4,g_g003019,7,1,6,3
6,g_g003019,7,2,6,3
8,g_g003019,7,1,6,3
1,g_g003019,1,2,5,1
1,g_g003026,3,1,8,3
1,g_g003028,8,1,4,1
4,g_g003029,7,2,7,1
6,g_g003029,7,2,7,1
1,g_g003029,7,2,7,1
3,g_g003029,7,2,7,1
5,g_g003029,7,2,7,1
2,g_g003029,7,2,7,1
1,g_g003034,1,2,4,1
1,g_g003039,1,2,4,1
3,g_g003039,2,2,2,1
2,g_g003039,2,2,2,1
4,g_g003039,2,2,1,1
1,g_g003042,3,2,6,1
3,g_g003042,5,2,3,1
2,g_g003042,3,1,6,1
1,g_g003043,3,2,7,1
1,g_g003047,7,2,3,1
2,g_g003047,7,2,3,1
1,g_g003050,8,1,3,1
1,g_g003051,1,1,4,1
2,g_g003051,2,1,1,1
1,g_g003053,1,1,6,1
1,g_g003059,1,2,6,1
1,g_g003061,7,2,3,1
1,g_g003062,5,2,3,3
1,g_g003064,8,2,3,1
1,g_g003065,7,1,3,3
1,g_g003068,8,1,4,1
1,g_g003071,7,2,4,3
1,g_g003077,1,1,4,1
1,g_g003079,8,1,3,1
1,g_g003086,8,1,3,1
1,g_g003090,1,2,6,1
1,g_g003096,8,1,3,1
1,g_g003097,8,1,3,1
1,g_g003098,8,2,3,1
2,g_g003104,2,1,1,1
4,g_g003104,6,1,5,3
1,g_g003104,1,1,5,1
3,g_g003104,3,2,7,1
2,g_g003108,2,1,1,1
1,g_g003108,1,1,5,1
3,g_g003108,2,2,1,1
2,g_g003118,3,1,7,1
1,g_g003118,1,1,4,1
3,g_g003118,3,2,7,1
1,g_g003120,8,1,3,1
9,g_g003130,3,2,7,3
2,g_g003130,2,2,1,1
4,g_g003130,5,2,5,2
6,g_g003130,6,2,2,2
8,g_g003130,5,1,4,3
1,g_g003130,1,1,5,3
3,g_g003130,2,2,1,1
5,g_g003130,6,1,5,2
7,g_g003130,6,1,1,2
2,g_g003135,2,2,2,1
1,g_g003135,1,1,5,1
3,g_g003135,2,1,1,1
1,g_g003137,7,2,3,1
1,g_g003143,8,1,4,1
1,g_g003145,1,2,4,1
3,g_g003145,3,2,7,3
2,g_g003145,3,1,6,3
1,g_g003150,1,2,4,1
1,g_g003151,7,2,3,2
2,g_g003151,7,2,3,2
1,g_g003154,2,2,4,1
3,g_g003154,11,1,2,1
2,g_g003154,2,1,5,1
4,g_g003154,11,2,2,1
2,g_g003162,2,2,1,1
1,g_g003162,1,2,4,1
3,g_g003162,2,2,1,1
1,g_g003165,5,2,4,1
2,g_g003168,2,2,1,1
4,g_g003168,3,2,7,1
6,g_g003168,6,2,4,1
8,g_g003168,6,2,1,1
1,g_g003168,1,1,5,1
3,g_g003168,3,1,7,1
5,g_g003168,5,1,4,1
7,g_g003168,6,2,1,1
1,g_g003169,7,1,4,1
4,g_g003174,7,2,5,3
1,g_g003174,7,2,5,3
3,g_g003174,7,2,5,3
2,g_g003174,7,2,5,3
2,g_g003177,9,1,5,1
4,g_g003177,11,1,1,1
6,g_g003177,11,2,1,1
1,g_g003177,9,1,5,1
3,g_g003177,9,1,4,3
5,g_g003177,11,2,2,1
7,g_g003177,11,2,1,3
1,g_g003179,7,2,3,1
2,g_g003182,6,1,3,1
4,g_g003182,6,1,3,3
1,g_g003182,5,1,4,1
3,g_g003182,6,2,3,1
5,g_g003182,6,1,3,3
1,g_g003189,7,2,4,1
3,g_g003192,2,1,1,1
2,g_g003192,2,1,1,1
1,g_g003192,1,2,5,1
1,g_g003193,7,2,3,1
1,g_g003194,1,1,4,1
2,g_g003194,2,2,1,1
1,g_g003195,7,1,7,1
2,g_g003195,7,1,6,1
1,g_g003196,7,2,4,1
1,g_g003199,8,2,3,3
1,g_g003200,3,1,6,1
3,g_g003200,5,1,3,1
2,g_g003200,3,2,6,1
2,g_g003202,2,1,1,1
4,g_g003202,5,1,3,1
1,g_g003202,1,2,4,1
3,g_g003202,3,2,7,1
1,g_g003208,8,1,3,1
1,g_g003210,8,1,4,1
2,g_g003212,2,1,1,1
1,g_g003212,1,2,4,1
2,g_g003217,7,2,4,3
4,g_g003217,7,2,3,3
1,g_g003217,7,1,4,3
3,g_g003217,7,2,3,3
1,g_g003221,3,2,6,1
1,g_g003224,1,1,4,1
2,g_g003227,2,1,1,1
1,g_g003227,1,1,4,1
2,g_g003235,7,2,3,3
1,g_g003235,7,2,3,1
1,g_g003238,1,2,3,1
1,g_g003243,8,2,4,1
1,g_g003246,2,2,1,1
1,g_g003251,8,2,3,1
1,g_g003255,8,1,3,1
1,g_g003266,8,1,3,1
1,g_g003267,8,1,4,1
1,g_g003273,1,1,4,1
2,g_g003273,2,1,1,1
1,g_g003278,8,2,4,1
1,g_g003281,7,1,3,1
2,g_g003290,2,1,1,1
1,g_g003290,1,2,4,1
3,g_g003290,2,2,1,1
1,g_g003296,3,2,6,1
1,g_g003301,7,2,3,3
1,g_g003307,8,1,4,1
2,g_g003308,3,2,7,1
1,g_g003308,1,1,5,1
1,g_g003314,8,2,4,1
1,g_g003320,1,1,7,1
1,g_g003323,7,2,4,1
2,g_g003326,7,2,3,1
1,g_g003326,9,2,3,1
2,g_g003329,3,2,6,1
1,g_g003329,3,1,6,1
3,g_g003329,5,2,3,1
1,g_g003334,3,2,7,1
2,g_g003334,5,2,4,1
1,g_g003335,3,2,5,1
2,g_g003337,2,2,3,1
1,g_g003337,2,2,3,1
1,g_g003340,1,1,5,1
2,g_g003340,2,2,2,1
1,g_g003352,8,1,4,3
1,g_g003353,8,1,3,3
1,g_g003355,1,2,5,1
3,g_g003355,2,2,1,1
2,g_g003355,2,1,2,1
1,g_g003359,1,1,4,1
1,g_g003369,8,1,3,3
1,g_g003370,8,1,3,1
1,g_g003376,1,2,6,1
1,g_g003380,1,2,5,1
5,g_g003382,9,1,6,3
7,g_g003382,9,1,5,3
2,g_g003382,9,1,6,3
4,g_g003382,9,1,6,1
6,g_g003382,9,1,5,3
1,g_g003382,9,1,6,3
3,g_g003382,9,1,6,1
1,g_g003388,8,1,3,2
1,g_g003391,7,1,3,3
1,g_g003394,7,2,3,1
2,g_g003398,7,2,4,3
4,g_g003398,7,2,4,3
1,g_g003398,8,1,3,1
3,g_g003398,7,1,4,3
5,g_g003398,7,1,4,3
1,g_g003399,5,2,3,1
2,g_g003399,7,2,3,3
1,g_g003403,1,2,6,1
1,g_g003408,8,1,4,1
1,g_g003418,8,1,4,1
1,g_g003420,7,2,3,1
2,g_g003420,7,1,3,3
1,g_g003422,1,1,5,1
3,g_g003422,2,2,1,1
5,g_g003422,3,2,8,1
2,g_g003422,2,1,2,1
4,g_g003422,3,1,8,1
6,g_g003422,5,1,5,1
1,g_g003444,1,1,5,1
3,g_g003444,2,1,1,1
2,g_g003444,2,1,2,1
2,g_g003455,7,2,5,1
1,g_g003455,7,2,5,1
1,g_g003459,7,2,4,1
2,g_g003463,2,2,1,1
4,g_g003463,3,1,7,1
1,g_g003463,1,1,4,1
3,g_g003463,2,2,1,1
5,g_g003463,3,2,7,1
1,g_g003464,7,2,3,1
2,g_g003464,7,2,3,1
1,g_g003467,1,2,6,1
1,g_g003468,1,2,4,1
1,g_g003474,7,2,3,1
5,g_g003485,7,2,4,3
2,g_g003485,7,2,4,3
4,g_g003485,7,2,4,3
1,g_g003485,7,2,4,3
3,g_g003485,7,2,4,3
1,g_g003492,7,2,4,2
1,g_g003499,7,2,3,1
1,g_g003511,8,1,3,1
1,g_g003512,8,1,3,1
1,g_g003515,8,2,3,1
1,g_g003516,8,2,4,1
1,g_g003525,1,1,4,1
1,g_g003526,8,1,3,1
1,g_g003535,1,2,5,1
1,g_g003541,8,1,4,1
1,g_g003544,8,1,3,3
1,g_g003554,7,2,4,1
2,g_g003554,7,2,4,1
1,g_g003555,8,1,4,3
2,g_g003556,7,2,6,1
1,g_g003556,7,2,6,1
2,g_g003559,7,1,3,1
1,g_g003559,8,1,3,1
3,g_g003559,7,2,3,1
1,g_g003561,8,1,4,1
3,g_g003561,3,2,7,1
2,g_g003561,3,1,7,1
2,g_g003563,3,2,7,1
1,g_g003563,3,1,8,1
1,g_g003565,8,1,4,3
1,g_g003570,8,1,3,1
1,g_g003572,1,2,4,1
1,g_g003573,8,2,3,1
1,g_g003576,8,1,3,1
1,g_g003583,8,1,3,1
2,g_g003586,9,2,7,1
1,g_g003586,9,2,7,1
3,g_g003586,7,2,6,1
1,g_g003589,1,1,4,1
1,g_g003599,8,2,3,1
1,g_g003600,8,1,4,1
1,g_g003608,1,1,5,1
3,g_g003608,2,2,2,1
2,g_g003608,2,2,2,1
1,g_g003610,7,2,3,1
1,g_g003613,8,2,4,2
1,g_g003615,5,2,5,3
2,g_g003615,6,1,2,3
1,g_g003623,6,1,4,1
3,g_g003623,6,1,5,3
2,g_g003623,6,1,4,3
4,g_g003623,6,1,3,3
1,g_g003624,7,2,6,1
3,g_g003624,7,2,6,1
2,g_g003624,7,2,6,1
2,g_g003629,7,2,4,1
1,g_g003629,7,2,4,1
1,g_g003636,8,2,3,1
1,g_g003645,8,2,3,1
3,g_g003646,2,1,1,1
2,g_g003646,2,2,2,1
1,g_g003646,1,1,5,1
2,g_g003648,5,2,4,1
1,g_g003648,3,2,6,1
2,g_g003652,7,2,4,1
1,g_g003652,7,2,4,1
3,g_g003652,7,2,4,1
1,g_g003655,7,2,3,1
2,g_g003655,7,2,3,1
1,g_g003658,7,2,4,1
1,g_g003664,8,1,3,1
6,g_g003665,11,1,1,1
1,g_g003665,7,1,5,1
3,g_g003665,7,2,5,1
5,g_g003665,11,2,1,1
7,g_g003665,11,1,1,1
2,g_g003665,7,1,5,1
4,g_g003665,7,2,4,1
1,g_g003687,7,1,4,3
3,g_g003687,7,1,4,3
2,g_g003687,7,1,4,3
1,g_g003700,8,1,4,1
2,g_g003701,2,1,1,1
1,g_g003701,1,2,5,1
3,g_g003701,2,2,1,1
1,g_g003712,8,2,3,1
1,g_g003714,7,2,3,1
1,g_g003717,8,1,4,1
2,g_g003718,2,1,2,1
1,g_g003718,1,2,5,1
1,g_g003722,7,2,3,1
1,g_g003728,1,1,6,1
1,g_g003729,3,2,6,1
3,g_g003729,5,2,3,1
2,g_g003729,5,2,3,1
2,g_g003733,2,1,1,1
1,g_g003733,1,1,6,1
3,g_g003733,2,2,1,1
1,g_g003736,1,1,4,1
1,g_g003738,7,2,4,1
1,g_g003746,8,1,4,1
1,g_g003758,1,2,6,1
1,g_g003770,1,1,4,1
1,g_g003771,7,2,3,1
2,g_g003779,2,2,2,1
1,g_g003779,1,1,5,1
3,g_g003779,2,1,2,1
2,g_g003805,2,2,4,1
1,g_g003805,1,1,7,1
3,g_g003805,2,2,3,1
1,g_g003807,1,1,5,1
2,g_g003807,2,2,3,1
1,g_g003810,8,2,3,1
1,g_g003821,1,1,4,1
2,g_g003821,2,1,1,1
1,g_g003845,1,2,4,1
1,g_g003846,8,1,4,1
1,g_g003847,1,1,6,1
3,g_g003847,2,2,2,1
2,g_g003847,2,1,2,1
2,g_g003852,7,1,3,3
4,g_g003852,7,1,3,3
1,g_g003852,7,1,3,3
3,g_g003852,7,1,3,3
5,g_g003852,7,1,3,3
1,g_g003860,1,1,5,1
3,g_g003860,3,2,6,3
2,g_g003860,2,1,1,1
4,g_g003860,3,1,6,3
1,g_g003867,7,2,3,1
2,g_g003867,7,2,3,1
1,g_g003869,5,2,3,1
3,g_g003871,7,2,3,1
2,g_g003871,7,1,3,1
1,g_g003871,8,1,3,1
1,g_g003875,1,1,3,1
1,g_g003899,7,2,3,1
1,g_g003902,7,2,3,1
1,g_g003906,8,1,3,1
1,g_g003921,7,1,3,1
2,g_g003929,2,1,1,1
1,g_g003929,2,2,2,1
3,g_g003929,5,2,4,1
3,g_g003944,2,2,1,1
2,g_g003944,2,2,1,1
1,g_g003944,1,1,5,1
1,g_g003950,1,1,4,1
2,g_g003950,2,1,1,1
1,g_g003956,1,1,5,1
3,g_g003956,2,2,1,1
2,g_g003956,2,2,2,1
2,g_g003957,9,2,4,3
1,g_g003957,7,1,4,3
1,g_g003959,7,2,4,3
1,g_g003960,1,1,5,1
3,g_g003960,2,2,2,1
2,g_g003960,2,1,2,1
1,g_g003961,7,2,3,1
1,g_g003965,8,2,4,1
2,g_g003980,2,2,1,1
4,g_g003980,3,2,7,1
6,g_g003980,1,1,4,1
1,g_g003980,1,1,4,1
3,g_g003980,3,1,7,1
5,g_g003980,5,2,4,1
1,g_g003990,3,2,8,2
1,g_g004004,8,1,3,3
2,g_g004025,2,1,1,1
1,g_g004025,1,2,5,1
2,g_g004047,2,2,2,1
1,g_g004047,1,2,5,1
3,g_g004047,2,1,2,1
1,g_g004064,8,1,3,1
1,g_g004066,1,1,6,1
2,g_g004066,2,1,1,1
1,g_g004101,1,2,6,1
3,g_g004101,2,1,3,1
2,g_g004101,2,2,4,1
2,g_g004103,2,2,2,1
1,g_g004103,1,2,5,1
3,g_g004103,2,2,1,1
1,g_g004104,10,2,3,1
3,g_g004104,10,2,3,1
5,g_g004104,10,1,3,1
2,g_g004104,10,2,3,1
4,g_g004104,10,1,3,1
2,g_g004109,2,1,1,1
1,g_g004109,1,2,4,1
3,g_g004109,2,2,1,1
1,g_g004138,9,2,6,1
2,g_g004138,9,2,6,1
1,g_g004139,1,1,5,1
3,g_g004139,2,2,1,1
5,g_g004139,9,2,5,3
7,g_g004139,11,1,2,3
2,g_g004139,2,2,2,1
4,g_g004139,9,2,5,3
6,g_g004139,11,2,1,3
2,g_g004152,2,2,2,1
1,g_g004152,1,1,5,1
3,g_g004152,2,1,2,1
1,g_g004154,7,2,3,2
1,g_g004155,8,2,3,1
1,g_g004170,7,1,3,1
2,g_g004180,7,2,3,3
1,g_g004180,7,2,3,3
1,g_g004187,8,1,4,1
1,g_g004189,8,1,3,1
1,g_g004205,8,1,4,1
3,g_g004229,2,1,1,1
2,g_g004229,2,1,1,1
1,g_g004229,3,2,7,1
1,g_g004239,7,2,3,1
1,g_g004255,1,1,5,1
3,g_g004255,2,1,2,1
2,g_g004255,2,1,2,1
2,g_g004259,2,2,1,1
1,g_g004259,1,1,5,1
1,g_g004265,5,2,3,3
1,g_g004276,8,2,3,1
2,g_g004282,2,2,2,1
1,g_g004282,1,2,5,1
3,g_g004282,2,2,1,1
1,g_g004288,8,1,3,1
1,g_g004289,5,2,4,1
2,g_g004289,3,2,6,1
1,g_g004294,5,2,3,1
2,g_g004294,5,2,2,1
1,g_g004297,8,2,3,1
1,g_g004309,8,1,4,1
1,g_g004317,8,2,3,1
1,g_g004318,8,1,4,1
1,g_g004324,9,2,4,1
2,g_g004324,9,1,4,1
1,g_g004327,7,2,4,1
1,g_g004329,7,2,4,1
2,g_g004340,7,2,3,3
1,g_g004340,7,2,3,3
1,g_g004350,7,2,4,1
1,g_g004354,8,1,3,3
1,g_g004355,1,2,5,1
7,g_g004359,7,1,3,1
2,g_g004359,7,1,3,1
4,g_g004359,7,1,3,1
6,g_g004359,7,1,3,1
1,g_g004359,7,1,3,1
3,g_g004359,7,1,3,1
5,g_g004359,7,1,3,1
2,g_g004366,7,2,3,1
1,g_g004366,7,2,3,1
2,g_g004375,2,2,2,1
1,g_g004375,1,1,4,1
1,g_g004392,7,1,4,1
1,g_g004393,1,1,5,1
3,g_g004393,2,1,1,1
2,g_g004393,2,2,1,1
1,g_g004397,9,2,3,3
1,g_g004398,1,1,5,1
3,g_g004398,2,2,2,1
2,g_g004398,2,1,2,1
1,g_g004399,5,2,4,1
2,g_g004401,9,2,5,3
1,g_g004401,9,2,5,1
1,g_g004406,8,2,3,1
1,g_g004412,8,1,4,1
1,g_g004416,2,1,2,1
2,g_g004416,2,2,2,1
1,g_g004420,7,2,3,1
1,g_g004435,8,1,3,1
1,g_g004436,7,1,3,3
1,g_g004446,1,1,6,1
1,g_g004453,8,2,3,1
1,g_g004454,7,1,3,1
1,g_g004472,1,2,4,1
1,g_g004476,7,2,3,1
1,g_g004485,8,1,4,1
1,g_g004489,8,1,3,1
1,g_g004492,3,2,7,1
1,g_g004494,3,2,7,1
2,g_g004494,5,1,4,1
1,g_g004498,7,2,3,1
1,g_g004510,1,1,4,1
1,g_g004511,8,1,4,1
1,g_g004516,1,1,4,1
2,g_g004519,3,2,6,3
1,g_g004519,3,1,6,3
1,g_g004521,1,2,5,1
2,g_g004524,7,1,3,3
1,g_g004524,7,1,3,3
3,g_g004524,7,1,3,3
1,g_g004538,1,2,4,1
3,g_g004538,2,1,2,1
2,g_g004538,2,2,2,1
2,g_g004551,5,1,3,1
1,g_g004551,3,2,7,1
1,g_g004552,8,2,3,1
1,g_g004554,8,2,3,1
2,g_g004556,7,2,3,3
1,g_g004556,7,2,3,1
1,g_g004573,8,1,3,1
1,g_g004578,3,2,8,1
3,g_g004578,2,2,3,1
5,g_g004578,2,1,2,1
2,g_g004578,1,1,6,1
4,g_g004578,2,2,2,1
1,g_g004593,8,1,3,1
1,g_g004594,1,2,3,1
1,g_g004606,1,1,4,1
3,g_g004606,10,2,5,1
2,g_g004606,10,1,5,1
6,g_g004621,2,1,2,1
2,g_g004621,3,1,8,1
4,g_g004621,3,1,7,1
5,g_g004621,3,2,7,1
7,g_g004621,2,1,1,1
1,g_g004621,1,2,5,1
3,g_g004621,3,2,7,1
1,g_g004622,1,1,6,1
2,g_g004622,2,2,3,1
1,g_g004626,8,1,4,1
1,g_g004629,8,1,3,1
1,g_g004630,3,2,6,1
2,g_g004631,7,2,4,1
4,g_g004631,7,2,4,1
1,g_g004631,7,2,4,3
3,g_g004631,7,2,4,1
5,g_g004631,7,2,4,1
1,g_g004636,7,1,4,1
2,g_g004636,7,1,4,1
1,g_g004637,8,1,4,1
1,g_g004669,1,1,4,1
1,g_g004671,7,2,3,1
1,g_g004678,7,2,4,1
1,g_g004681,8,2,3,1
1,g_g004701,1,2,5,1
3,g_g004701,2,1,2,1
5,g_g004701,3,2,7,1
2,g_g004701,2,2,2,1
4,g_g004701,3,1,8,1
1,g_g004707,8,1,3,1
1,g_g004714,2,2,1,1
1,g_g004719,7,2,4,1
2,g_g004722,3,2,5,1
1,g_g004722,3,1,6,1
3,g_g004722,5,1,3,1
1,g_g004723,5,2,3,1
1,g_g004731,6,1,2,1
1,g_g004740,8,1,3,1
1,g_g004754,8,2,3,1
1,g_g004762,8,1,3,1
1,g_g004766,7,1,4,1
1,g_g004772,8,1,4,1
1,g_g004776,7,2,4,3
2,g_g004781,2,1,2,1
4,g_g004781,3,2,8,1
1,g_g004781,1,1,5,1
3,g_g004781,3,1,8,1
1,g_g004810,1,2,4,1
1,g_g004816,2,1,1,1
2,g_g004816,2,2,1,1
2,g_g004822,2,2,1,1
1,g_g004822,1,2,5,1
1,g_g004826,7,1,4,3
1,g_g004828,1,1,5,1
3,g_g004828,2,1,1,1
2,g_g004828,2,2,2,1
1,g_g004831,7,2,3,1
1,g_g004849,1,2,4,1
1,g_g004852,2,2,4,1
1,g_g004853,7,2,3,1
2,g_g004853,7,2,3,1
1,g_g004865,8,2,3,1
1,g_g004869,3,2,7,1
1,g_g004877,8,2,4,1
1,g_g004879,3,2,7,1
1,g_g004886,8,2,3,1
1,g_g004893,3,2,7,1
1,g_g004904,8,1,3,1
2,g_g004905,5,2,4,1
1,g_g004905,3,2,6,1
2,g_g004906,2,1,2,1
1,g_g004906,1,1,5,1
1,g_g004909,8,2,4,3
1,g_g004915,8,1,4,3
1,g_g004916,8,1,3,1
2,g_g004920,2,1,1,1
1,g_g004920,1,2,5,1
1,g_g004925,8,1,3,1
1,g_g004926,3,1,6,1
3,g_g004926,5,1,3,3
2,g_g004926,3,2,6,1
2,g_g004955,7,2,3,1
1,g_g004955,7,2,3,1
3,g_g004955,7,2,3,1
1,g_g004961,8,2,4,1
1,g_g004971,8,1,4,1
1,g_g004975,8,1,5,1
1,g_g004976,1,2,4,1
1,g_g004977,8,1,4,1
2,g_g004993,6,2,3,1
1,g_g004993,6,2,5,1
2,g_g004994,7,1,4,3
1,g_g004994,7,1,4,1
2,g_g005012,7,2,4,1
1,g_g005012,7,2,4,1
1,g_g005034,8,1,3,1
1,g_g005053,8,1,3,1
1,g_g005076,3,1,7,1
3,g_g005076,2,1,1,1
2,g_g005076,3,2,7,1
4,g_g005076,2,1,1,1
1,g_g005080,8,1,4,3
1,g_g005081,8,1,4,1
1,g_g005083,5,2,3,1
1,g_g005094,3,1,7,1
3,g_g005094,6,1,8,1
5,g_g005094,6,1,6,1
7,g_g005094,6,1,3,1
2,g_g005094,3,2,7,1
4,g_g005094,6,2,7,1
6,g_g005094,6,2,6,1
1,g_g005105,8,2,3,1
1,g_g005114,3,2,7,1
1,g_g005119,3,2,7,3
2,g_g005119,5,2,4,1
1,g_g005127,8,2,4,1
1,g_g005153,10,2,7,1
2,g_g005153,10,1,7,1
1,g_g005160,7,2,3,1
1,g_g005167,8,2,3,1
1,g_g005170,3,2,6,1
1,g_g005171,8,2,3,1
3,g_g005173,2,1,2,1
2,g_g005173,2,1,2,1
1,g_g005173,1,1,5,1
1,g_g005175,8,1,4,1
1,g_g005187,7,2,4,1
1,g_g005198,1,2,6,1
1,g_g005200,8,1,3,1
1,g_g005206,7,2,3,1
1,g_g005209,1,1,4,1
2,g_g005209,2,1,1,1
1,g_g005218,3,2,6,1
1,g_g005219,8,2,4,1
1,g_g005225,7,2,3,1
2,g_g005225,7,2,3,2
1,g_g005243,8,1,3,1
1,g_g005250,7,2,3,1
4,g_g005254,7,2,4,1
1,g_g005254,8,1,4,1
3,g_g005254,7,1,4,1
5,g_g005254,7,2,4,1
2,g_g005254,7,1,4,1
1,g_g005259,8,1,3,3
1,g_g005266,8,1,4,1
1,g_g005270,1,1,6,1
3,g_g005270,2,1,1,1
2,g_g005270,2,2,2,1
2,g_g005271,2,1,1,1
1,g_g005271,1,2,5,1
1,g_g005273,7,1,4,1
1,g_g005280,8,2,3,1
1,g_g005282,8,1,3,1
1,g_g005297,1,2,6,1
1,g_g005300,1,2,4,1
1,g_g005303,8,1,3,1
1,g_g005310,8,1,3,1
2,g_g005319,2,1,1,1
1,g_g005319,1,1,5,1
3,g_g005319,2,2,1,1
1,g_g005330,8,2,3,1
1,g_g005372,8,1,3,1
1,g_g005377,8,1,3,1
1,g_g005387,1,1,7,1
3,g_g005387,2,2,1,1
2,g_g005387,2,1,5,1
1,g_g005391,8,1,3,3
1,g_g005392,3,2,6,1
1,g_g005395,4,2,8,3
1,g_g005398,8,1,3,1
1,g_g005400,1,1,6,1
1,g_g005402,8,2,3,1
1,g_g005415,8,2,3,1
1,g_g005419,8,1,3,1
1,g_g005438,8,1,3,1
1,g_g005454,8,2,4,3
1,g_g005455,7,2,3,1
1,g_g005461,8,2,3,1
2,g_g005537,7,2,3,3
1,g_g005537,7,2,3,3
1,g_g005541,8,1,4,1
1,g_g005542,7,2,4,1
1,g_g005549,7,2,4,1
2,g_g005554,2,2,2,1
1,g_g005554,2,1,3,1
1,g_g005559,1,2,4,1
2,g_g005559,2,1,1,1
1,g_g005562,1,2,5,1
3,g_g005562,2,2,2,1
2,g_g005562,2,1,2,1
1,g_g005564,1,1,4,1
1,g_g005567,8,2,4,1
1,g_g005568,7,2,4,1
1,g_g005569,1,1,5,1
2,g_g005572,7,2,4,1
1,g_g005572,7,2,4,1
2,g_g005573,2,2,1,1
1,g_g005573,1,1,4,1
2,g_g005574,2,2,1,1
1,g_g005574,1,1,4,1
3,g_g005574,2,2,1,1
1,g_g005578,8,2,3,3
1,g_g005579,3,2,7,1
2,g_g005581,2,1,1,1
1,g_g005581,1,2,4,1
3,g_g005581,2,2,1,1
1,g_g005583,3,2,6,1
2,g_g005589,3,2,6,3
1,g_g005589,3,1,7,3
1,g_g005590,8,2,3,1
1,g_g005591,7,2,4,1
2,g_g005597,2,1,1,1
1,g_g005597,1,2,4,1
3,g_g005597,2,1,1,1
1,g_g005599,8,1,4,1
1,g_g005602,1,2,4,1
3,g_g005602,2,1,1,1
2,g_g005602,2,2,1,1
1,g_g005681,8,1,4,1
1,g_g005683,1,1,4,1
2,g_g005683,2,2,1,1
1,g_g005684,1,1,4,1
2,g_g005684,2,2,1,1
1,g_g005692,1,1,4,1
2,g_g005692,2,1,1,1
1,g_g005694,8,1,3,1
1,g_g005701,8,1,3,1
1,g_g005704,8,1,3,1
1,g_g005707,8,1,3,1
1,g_g005708,8,2,3,1
1,g_g005709,7,2,4,3
1,g_g005711,8,1,3,3
2,g_g005716,7,2,3,1
4,g_g005716,7,2,3,1
1,g_g005716,7,2,3,1
3,g_g005716,7,2,3,1
1,g_g005725,7,2,3,1
1,g_g005742,8,1,3,1
2,g_g005745,2,2,3,1
1,g_g005745,1,1,7,1
1,g_g005746,8,1,3,1
1,g_g005750,10,2,6,1
2,g_g005750,10,2,6,1
1,g_g005754,7,2,5,3
1,g_g005762,3,2,6,1
2,g_g005783,7,2,3,1
1,g_g005783,7,2,3,1
3,g_g005783,7,2,3,1
1,g_g005786,7,2,3,1
1,g_g005791,5,2,3,3
1,g_g005793,7,2,3,1
2,g_g005794,2,1,1,1
1,g_g005794,3,2,7,1
3,g_g005794,2,1,1,1
1,g_g005795,5,2,4,1
1,g_g005798,3,2,6,1
1,g_g005806,1,1,4,1
1,g_g005807,3,2,6,1
1,g_g005808,8,1,3,1
1,g_g005809,7,2,3,3
1,g_g005811,8,1,3,1
1,g_g005812,5,2,3,1
1,g_g005814,8,1,4,1
1,g_g005815,8,2,3,3
1,g_g005817,8,1,3,1
2,g_g005828,2,2,3,1
1,g_g005828,1,1,6,1
3,g_g005828,2,2,2,1
1,g_g005838,6,2,4,2
2,g_g005838,6,2,3,2
1,g_g005840,7,2,3,3
1,g_g005841,7,2,4,1
1,g_g005844,7,1,3,1
3,g_g005844,7,2,3,1
5,g_g005844,7,1,3,1
7,g_g005844,7,2,3,1
9,g_g005844,7,2,3,1
2,g_g005844,7,1,3,1
4,g_g005844,7,2,3,1
6,g_g005844,7,1,3,1
8,g_g005844,7,2,3,1
1,g_g005855,8,1,4,1
1,g_g005868,8,2,3,1
1,g_g005889,1,1,5,1
2,g_g005889,2,1,1,1
1,g_g005895,9,1,6,3
3,g_g005895,9,1,6,3
5,g_g005895,9,1,6,3
7,g_g005895,9,1,5,3
2,g_g005895,9,1,6,3
4,g_g005895,9,1,5,3
6,g_g005895,9,1,5,3
1,g_g005899,7,1,4,1
2,g_g005899,7,2,3,1
1,g_g005905,7,2,4,1
2,g_g005913,2,2,2,1
4,g_g005913,2,1,1,1
1,g_g005913,1,2,5,1
3,g_g005913,2,1,1,1
1,g_g005921,8,2,3,1
1,g_g005925,7,2,3,1
1,g_g005932,8,2,3,1
1,g_g005952,8,1,3,3
1,g_g005954,8,2,3,1
1,g_g005959,3,1,7,1
3,g_g005959,5,2,3,3
2,g_g005959,3,2,6,1
1,g_g005960,5,2,3,1
2,g_g005965,1,1,4,1
1,g_g005965,2,1,1,1
1,g_g005967,5,2,3,3
1,g_g005972,7,2,4,3
1,g_g005974,7,2,3,1
1,g_g005975,1,1,5,1
3,g_g005975,2,1,1,1
2,g_g005975,2,2,2,1
1,g_g005982,8,2,3,1
1,g_g005992,8,2,3,1
1,g_g006003,1,2,3,1
2,g_g006003,2,1,1,1
1,g_g006020,8,1,4,1
1,g_g006023,8,1,4,1
1,g_g006027,8,1,3,1
1,g_g006029,3,1,7,1
3,g_g006029,5,2,4,1
2,g_g006029,3,2,7,1
4,g_g006029,6,1,2,1
2,g_g006055,7,2,3,1
4,g_g006055,7,2,3,3
1,g_g006055,7,2,3,1
3,g_g006055,7,2,3,1
1,g_g006057,8,2,4,1
1,g_g006061,1,1,6,1
2,g_g006061,2,2,3,1
1,g_g006065,7,2,4,1
2,g_g006076,7,2,3,1
1,g_g006076,7,2,3,1
3,g_g006076,7,2,3,3
1,g_g006084,8,2,4,1
1,g_g006092,2,2,1,1
1,g_g006096,7,2,4,1
1,g_g006101,7,1,3,1
3,g_g006101,7,2,3,1
5,g_g006101,7,2,3,2
2,g_g006101,7,1,3,1
4,g_g006101,7,2,3,1
2,g_g006102,2,1,1,1
1,g_g006102,1,1,4,1
2,g_g006114,3,2,7,1
1,g_g006114,3,1,7,1
3,g_g006114,1,1,4,1
1,g_g006130,1,1,4,1
3,g_g006130,2,2,1,1
2,g_g006130,2,1,1,1
1,g_g006132,8,1,3,1
1,g_g006135,1,2,4,1
2,g_g006135,2,1,1,1
1,g_g006137,1,1,4,1
1,g_g006151,9,1,4,3
3,g_g006151,9,2,3,3
5,g_g006151,9,1,3,3
2,g_g006151,9,2,3,1
4,g_g006151,9,1,4,3
1,g_g006152,3,1,6,1
3,g_g006152,5,1,2,1
2,g_g006152,3,2,6,1
4,g_g006152,5,2,3,1
1,g_g006161,7,2,3,1
2,g_g006161,7,2,3,1
1,g_g006163,1,2,5,1
3,g_g006163,2,1,2,1
2,g_g006163,2,1,2,1
1,g_g006168,8,1,3,1
1,g_g006175,8,1,3,3
1,g_g006179,1,1,5,1
2,g_g006179,2,1,2,1
1,g_g006180,8,2,3,3
1,g_g006181,1,1,4,1
1,g_g006189,8,1,4,1
2,g_g006190,2,1,2,1
1,g_g006190,1,2,4,1
3,g_g006190,2,2,2,1
2,g_g006196,7,2,3,3
1,g_g006196,7,2,3,1
3,g_g006196,7,2,3,3
1,g_g006197,1,2,4,1
3,g_g006197,2,1,1,1
2,g_g006197,2,2,2,1
2,g_g006210,5,1,4,3
1,g_g006210,3,2,6,3
3,g_g006210,4,2,8,3
1,g_g006212,8,2,3,1
1,g_g006213,3,2,6,1
3,g_g006213,8,1,3,1
2,g_g006213,5,2,3,1
1,g_g006214,8,1,3,1
1,g_g006227,1,1,5,1
2,g_g006227,2,2,1,1
1,g_g006231,8,2,3,1
1,g_g006249,2,1,4,1
1,g_g006256,7,2,3,1
2,g_g006256,7,2,3,1
1,g_g006260,8,2,4,3
1,g_g006265,8,1,3,1
1,g_g006280,8,1,4,1
2,g_g006287,7,2,3,1
1,g_g006287,7,2,3,1
1,g_g006322,7,2,3,1
1,g_g006323,1,2,5,1
2,g_g006325,3,1,6,1
1,g_g006325,5,1,3,1
3,g_g006325,3,2,6,1
1,g_g006330,1,1,5,1
1,g_g006331,7,2,4,1
1,g_g006359,3,2,7,1
1,g_g006367,3,2,8,1
2,g_g006367,5,1,5,1
1,g_g006372,8,2,3,1
2,g_g006376,3,2,6,1
1,g_g006376,3,1,7,1
3,g_g006376,5,2,3,1
2,g_g006378,11,1,5,3
1,g_g006378,8,1,5,1
1,g_g006393,2,1,1,1
1,g_g006402,3,2,6,1
1,g_g006414,1,1,4,1
1,g_g006442,8,2,3,1
1,g_g006447,3,2,7,1
1,g_g006459,8,1,3,1
1,g_g006461,3,2,7,1
1,g_g006462,8,1,3,1
1,g_g006468,8,1,3,1
1,g_g006469,7,2,4,1
2,g_g006475,7,1,3,3
1,g_g006475,7,2,3,1
1,g_g006482,1,1,4,1
1,g_g006489,5,2,3,1
1,g_g006510,7,2,3,1
1,g_g006516,7,2,3,1
1,g_g006517,3,1,7,1
2,g_g006517,3,2,7,1
1,g_g006523,8,2,3,1
2,g_g006523,7,1,3,3
1,g_g006524,7,2,4,1
2,g_g006524,7,2,4,1
1,g_g006529,9,2,3,1
1,g_g006548,1,1,5,1
3,g_g006548,2,2,1,1
2,g_g006548,2,2,1,1
1,g_g006578,8,1,3,1
1,g_g006588,8,1,3,1
1,g_g006601,1,2,4,1
2,g_g006606,3,2,8,3
1,g_g006606,5,2,5,1
1,g_g006651,7,2,3,3
1,g_g006666,8,1,3,1
1,g_g006668,3,1,8,1
2,g_g006668,3,2,7,1
1,g_g006677,1,1,6,1
2,g_g006715,2,1,1,1
1,g_g006715,1,1,4,1
1,g_g006725,3,2,6,1
1,g_g006730,8,1,3,1
1,g_g006741,8,1,4,1
1,g_g006768,8,1,3,1
1,g_g006775,8,1,4,1
2,g_g006777,3,1,6,1
1,g_g006777,5,2,3,1
3,g_g006777,3,2,6,1
1,g_g006785,8,1,3,1
2,g_g006787,7,2,3,1
1,g_g006787,7,2,3,1
1,g_g006800,8,1,4,1
1,g_g006803,1,1,4,1
1,g_g006805,8,1,4,3
1,g_g006807,5,2,3,1
2,g_g006807,5,2,4,1
1,g_g006812,3,1,6,1
2,g_g006812,3,2,6,1
1,g_g006831,7,1,3,3
1,g_g006834,8,1,3,1
1,g_g006835,8,1,3,1
1,g_g006836,8,1,3,1
5,g_g006842,6,1,6,3
2,g_g006842,3,2,8,3
4,g_g006842,6,2,6,3
6,g_g006842,6,2,6,3
1,g_g006842,1,1,6,1
3,g_g006842,6,1,6,1
1,g_g006843,3,2,7,1
1,g_g006844,1,1,7,1
2,g_g006859,7,2,3,1
1,g_g006859,7,2,3,1
1,g_g006860,8,2,3,1
1,g_g006861,1,2,4,1
3,g_g006861,2,2,1,1
2,g_g006861,2,2,1,1
1,g_g006877,1,1,8,1
1,g_g006893,3,2,8,1
2,g_g006910,6,2,7,1
1,g_g006910,3,2,6,1
2,g_g006913,5,1,4,1
1,g_g006913,3,2,7,1
1,g_g006921,8,1,3,1
1,g_g006925,7,2,3,1
2,g_g006925,7,2,3,1
1,g_g006945,7,2,3,1
1,g_g006946,8,1,3,3
2,g_g006947,3,2,6,1
1,g_g006947,3,1,6,1
3,g_g006947,5,2,3,1
1,g_g006954,7,2,4,1
1,g_g006961,8,1,3,3
1,g_g006962,1,1,4,1
1,g_g006971,8,1,3,1
2,g_g006974,7,1,4,1
1,g_g006974,7,1,4,1
3,g_g006974,7,1,4,1
1,g_g006975,8,1,4,1
2,g_g006976,2,1,3,1
1,g_g006976,1,1,6,1
3,g_g006976,2,1,3,1
1,g_g006983,8,1,3,1
2,g_g006986,3,2,7,1
1,g_g006986,3,1,7,1
1,g_g006989,6,2,3,1
2,g_g006996,2,2,3,1
1,g_g006996,1,1,7,1
1,g_g006999,8,2,3,1
1,g_g007008,7,2,3,1
1,g_g007012,9,2,3,1
1,g_g007013,8,1,4,3
1,g_g007015,3,2,8,1
1,g_g007017,8,1,3,1
2,g_g007022,7,2,3,1
1,g_g007022,7,2,3,1
3,g_g007022,7,2,3,1
1,g_g007029,7,2,4,1
1,g_g007033,8,1,3,1
1,g_g007035,8,1,3,1
1,g_g007037,8,2,3,1
2,g_g007038,7,2,3,1
1,g_g007038,7,2,3,1
1,g_g007041,1,2,5,1
1,g_g007052,8,2,3,1
1,g_g007054,7,2,4,1
3,g_g007056,7,2,3,3
2,g_g007056,7,2,3,3
1,g_g007056,7,2,3,1
1,g_g007074,8,1,3,1
1,g_g007086,1,2,5,1
1,g_g007099,8,1,4,1
1,g_g007105,8,1,3,1
1,g_g007120,7,2,4,1
1,g_g007122,7,2,4,1
1,g_g007123,8,2,3,1
1,g_g007157,8,1,3,1
2,g_g007175,7,2,7,3
1,g_g007175,7,2,7,1
3,g_g007175,7,2,7,3
1,g_g007176,7,2,4,1
1,g_g007180,1,2,4,1
1,g_g007196,7,2,3,3
1,g_g007199,7,1,4,1
3,g_g007199,7,1,4,3
5,g_g007199,7,1,4,1
7,g_g007199,7,1,4,3
2,g_g007199,7,1,4,3
4,g_g007199,7,1,4,3
6,g_g007199,7,1,4,3
1,g_g007208,8,1,4,3
1,g_g007209,8,1,3,1
2,g_g007213,2,2,1,1
1,g_g007213,1,1,4,1
3,g_g007213,2,2,1,1
1,g_g007215,8,1,3,1
3,g_g007215,7,1,4,3
2,g_g007215,7,2,3,3
1,g_g007218,3,2,5,1
1,g_g007223,1,1,4,1
1,g_g007224,8,2,3,1
1,g_g007225,9,2,4,3
3,g_g007225,9,2,5,3
2,g_g007225,9,2,5,3
1,g_g007226,8,1,3,3
1,g_g007230,7,2,3,1
1,g_g007231,8,1,3,1
1,g_g007232,1,2,4,1
1,g_g007236,1,2,7,1
1,g_g007244,1,1,6,1
1,g_g007248,1,1,4,1
1,g_g007258,8,1,4,1
3,g_g007258,11,2,6,1
2,g_g007258,11,1,7,1
1,g_g007308,1,2,5,1
3,g_g007308,2,1,2,1
2,g_g007308,2,2,2,1
1,g_g007309,1,1,4,1
2,g_g007310,2,1,1,1
1,g_g007310,1,1,4,1
1,g_g007312,7,2,3,1
1,g_g007330,1,2,4,1
1,g_g007336,1,2,6,1
1,g_g007337,8,1,4,1
1,g_g007338,1,1,5,1
1,g_g007339,1,1,5,1
2,g_g007339,2,1,1,1
1,g_g007340,2,2,2,1
2,g_g007340,2,2,1,1
2,g_g007342,2,1,2,1
1,g_g007342,1,2,5,1
1,g_g007351,1,2,5,1
2,g_g007351,2,1,1,1
1,g_g007352,1,1,4,1
3,g_g007352,2,2,1,1
2,g_g007352,2,1,2,1
2,g_g007353,7,2,5,3
1,g_g007353,7,2,5,3
1,g_g007354,1,2,4,1
1,g_g007355,1,1,6,1
1,g_g007360,1,1,4,1
3,g_g007360,2,1,1,1
2,g_g007360,2,2,1,1
1,g_g007363,1,2,5,1
3,g_g007363,2,1,1,1
2,g_g007363,2,2,1,1
2,g_g007368,2,1,1,1
1,g_g007368,1,1,5,1
2,g_g007369,2,1,1,1
1,g_g007369,2,1,1,1
1,g_g007371,7,2,3,1
1,g_g007373,3,1,7,1
3,g_g007373,5,1,4,1
2,g_g007373,3,2,7,1
3,g_g007374,2,2,2,1
2,g_g007374,2,1,2,1
1,g_g007374,1,1,5,1
1,g_g007377,8,1,4,1
1,g_g007380,1,2,4,1
1,g_g007383,1,1,4,1
2,g_g007383,2,1,1,1
1,g_g007386,7,2,3,3
1,g_g007389,1,2,5,1
3,g_g007389,2,2,1,1
2,g_g007389,2,1,1,1
1,g_g007393,8,1,3,1
1,g_g007395,7,2,3,3
1,g_g007396,8,2,4,1
1,g_g007401,1,2,4,1
1,g_g007405,1,1,4,1
2,g_g007405,2,2,1,1
2,g_g007407,2,2,3,1
4,g_g007407,2,2,3,2
1,g_g007407,1,1,6,1
3,g_g007407,2,2,3,1
1,g_g007410,8,2,4,1
1,g_g007411,8,1,4,1
2,g_g007412,2,2,1,1
1,g_g007412,1,1,5,1
1,g_g007413,7,2,5,1
1,g_g007416,1,2,4,1
1,g_g007417,8,1,3,1
1,g_g007420,8,1,3,1
1,g_g007432,8,1,4,1
1,g_g007433,7,2,3,1
2,g_g007434,3,2,7,3
1,g_g007434,3,1,7,1
1,g_g007435,7,2,5,1
1,g_g007476,8,2,3,1
1,g_g007513,8,1,3,1
1,g_g007514,8,2,3,1
1,g_g007524,8,1,3,1
1,g_g007528,1,2,5,1
2,g_g007528,2,1,2,1
1,g_g007535,9,2,3,1
3,g_g007535,9,1,3,1
2,g_g007535,9,2,3,1
1,g_g007536,8,1,4,1
2,g_g007537,7,2,3,1
1,g_g007537,8,1,3,1
3,g_g007537,7,1,3,1
1,g_g007538,8,1,3,1
1,g_g007539,1,2,4,1
1,g_g007540,8,2,4,1
1,g_g007546,8,1,3,1
1,g_g007565,5,2,3,1
2,g_g007576,7,2,3,2
1,g_g007576,7,2,3,1
1,g_g007596,7,2,3,1
1,g_g007622,8,1,3,1
1,g_g007628,8,2,3,1
1,g_g007644,7,1,6,1
2,g_g007644,7,2,6,2
1,g_g007671,8,1,4,1
1,g_g007675,1,1,4,1
1,g_g007679,8,1,3,1
1,g_g007681,1,2,4,1
2,g_g007681,2,1,1,1
1,g_g007684,1,1,4,1
2,g_g007684,2,1,1,1
2,g_g007704,7,2,3,1
1,g_g007704,7,2,3,1
3,g_g007704,7,2,3,1
1,g_g007718,11,1,2,1
2,g_g007718,11,1,2,1
1,g_g007727,8,1,4,3
1,g_g007729,7,2,3,1
1,g_g007748,7,1,3,3
2,g_g007748,7,2,3,3
1,g_g007757,8,1,4,1
1,g_g007762,8,1,3,1
2,g_g007774,2,2,2,3
4,g_g007774,7,2,5,1
6,g_g007774,11,2,2,1
1,g_g007774,1,1,5,1
3,g_g007774,2,2,2,3
5,g_g007774,7,1,5,3
7,g_g007774,11,2,2,1
2,g_g007776,2,1,1,1
1,g_g007776,1,1,4,1
1,g_g007779,8,1,4,1
1,g_g007780,7,2,3,3
1,g_g007785,5,2,3,1
1,g_g007787,1,1,4,1
3,g_g007787,2,2,1,1
2,g_g007787,2,1,1,1
1,g_g007789,8,1,4,1
2,g_g007792,3,2,7,1
1,g_g007792,3,1,7,1
1,g_g007793,8,2,4,1
1,g_g007807,3,2,7,1
1,g_g007810,7,1,3,3
1,g_g007884,8,2,3,1
1,g_g007895,7,1,4,1
1,g_g007932,5,2,3,1
1,g_g007947,8,1,3,1
1,g_g007992,5,2,3,1
2,g_g007993,7,2,3,3
1,g_g007993,7,2,3,1
1,g_g008048,8,1,4,1
1,g_g008055,8,2,3,1
2,g_g008062,3,2,6,1
1,g_g008062,3,1,6,1
3,g_g008062,5,2,3,1
1,g_g008090,8,1,3,1
1,g_g008098,7,2,3,1
1,g_g008104,8,1,4,1
1,g_g008106,8,2,3,3
1,g_g008141,3,2,6,1
1,g_g008176,7,2,3,1
1,g_g008224,8,1,3,1
1,g_g008284,8,1,4,1
1,g_g008304,7,2,3,3
1,g_g008330,7,2,3,1
2,g_g008330,7,2,3,1
1,g_g008332,3,2,6,1
1,g_g008338,8,1,3,1
1,g_g008368,8,1,3,1
1,g_g008382,1,1,4,1
3,g_g008382,2,2,1,1
2,g_g008382,2,2,1,1
1,g_g008383,7,1,3,1
2,g_g008402,2,2,3,1
1,g_g008402,2,2,3,1
1,g_g008405,8,1,3,1
1,g_g008429,3,2,7,1
1,g_g008435,7,2,3,1
1,g_g008471,7,2,3,1
1,g_g008514,3,2,5,1
1,g_g008520,1,1,4,1
1,g_g008531,8,1,4,1
4,g_g008626,7,1,6,1
6,g_g008626,7,2,6,1
1,g_g008626,7,1,6,1
3,g_g008626,7,1,6,1
5,g_g008626,7,2,6,1
7,g_g008626,7,2,6,1
2,g_g008626,7,1,6,1
1,g_g008659,3,1,7,1
3,g_g008659,5,1,4,1
2,g_g008659,3,2,6,1
2,g_g008664,2,2,1,1
1,g_g008664,1,1,4,1
2,g_g008701,10,2,5,3
4,g_g008701,10,2,5,3
1,g_g008701,2,1,2,1
3,g_g008701,10,2,5,3
5,g_g008701,10,2,5,3
1,g_g008733,8,1,3,1
2,g_g008737,7,2,3,1
1,g_g008737,7,2,3,1
1,g_g008789,8,1,3,1
1,g_g008798,8,1,3,1
2,g_g008812,3,2,6,1
1,g_g008812,3,1,6,1
3,g_g008812,5,2,3,1
1,g_g008830,8,2,4,1
1,g_g008859,8,1,3,1
1,g_g008863,3,1,7,1
3,g_g008863,5,2,4,1
2,g_g008863,3,2,7,1
2,g_g008866,7,2,3,1
1,g_g008866,7,2,3,1
3,g_g008866,7,2,3,1
1,g_g008873,1,2,4,1
2,g_g008878,7,2,3,1
1,g_g008878,7,2,3,1
2,g_g008895,7,2,3,3
1,g_g008895,7,2,3,1
1,g_g008902,8,1,4,1
1,g_g008925,7,1,4,1
2,g_g008928,3,2,6,1
1,g_g008928,3,1,6,1
1,g_g008932,5,2,3,1
1,g_g008968,3,2,6,1
1,g_g009026,7,2,3,1
5,g_g009114,7,1,3,3
7,g_g009114,8,1,3,1
2,g_g009114,7,2,3,3
4,g_g009114,7,1,3,3
6,g_g009114,7,1,3,1
1,g_g009114,7,2,3,1
3,g_g009114,7,2,3,3
2,g_g009161,7,2,3,3
1,g_g009161,7,2,3,3
1,g_g009210,7,2,3,1
1,g_g009219,8,1,3,1
1,g_g009233,8,2,3,1
1,g_g009266,8,1,3,1
1,g_g009273,7,2,3,3
1,g_g009283,5,2,3,1
1,g_g009291,7,2,3,1
1,g_g009320,7,2,4,1
1,g_g009325,8,1,4,1
1,g_g009332,7,2,4,1
2,g_g009335,7,2,3,1
1,g_g009335,7,2,3,1
2,g_g009348,2,1,1,1
4,g_g009348,3,2,6,3
6,g_g009348,5,1,4,3
1,g_g009348,1,2,4,1
3,g_g009348,3,1,6,3
5,g_g009348,5,2,4,3
7,g_g009348,11,1,1,3
1,g_g009355,1,1,5,1
3,g_g009355,2,2,2,1
2,g_g009355,2,1,2,1
1,g_g009365,1,1,5,1
1,g_g009367,1,1,5,1
3,g_g009367,2,2,1,1
2,g_g009367,2,1,1,1
1,g_g009368,8,2,3,1
1,g_g009370,8,2,3,1
1,g_g009401,8,1,4,1
2,g_g009442,3,2,8,3
1,g_g009442,1,2,6,1
3,g_g009442,5,2,5,3
1,g_g009465,8,1,3,2
1,g_g009482,8,2,3,1
1,g_g009503,2,1,1,1
1,g_g009526,7,2,5,2
1,g_g009533,1,1,3,1
1,g_g009557,8,1,3,1
1,g_g009630,8,2,3,1
1,g_g009639,8,1,3,1
1,g_g009661,8,2,3,1
1,g_g009732,7,2,3,1
1,g_g009745,8,1,4,1
1,g_g009768,8,1,4,1
1,g_g009771,8,2,3,3
2,g_g009783,7,2,3,3
1,g_g009783,7,2,3,3
4,g_g009798,2,2,1,1
1,g_g009798,1,1,5,1
3,g_g009798,2,2,1,1
2,g_g009798,2,2,1,1
1,g_g009821,1,2,4,1
2,g_g009821,2,1,1,1
1,g_g009858,8,1,3,1
1,g_g009864,1,1,6,1
2,g_g009879,7,1,3,3
1,g_g009879,7,2,3,1
2,g_g009898,2,1,1,1
1,g_g009898,1,1,5,1
2,g_g009929,2,2,1,1
1,g_g009929,1,1,4,1
1,g_g009931,7,2,3,1
1,g_g010037,3,2,5,1
1,g_g010043,8,2,3,3
1,g_g010044,5,2,3,1
2,g_g010107,10,1,4,1
4,g_g010107,10,1,4,1
6,g_g010107,10,2,4,1
8,g_g010107,10,2,4,1
1,g_g010107,10,1,4,1
3,g_g010107,10,1,4,1
5,g_g010107,10,1,5,1
7,g_g010107,10,2,4,1
9,g_g010107,10,2,4,1
1,g_g010119,1,2,5,1
1,g_g010164,8,1,4,1
1,g_g010200,3,2,6,1
1,g_g010210,8,2,3,1
1,g_g010218,3,1,7,1
3,g_g010218,5,2,3,3
2,g_g010218,3,2,7,1
2,g_g010222,2,2,3,1
1,g_g010222,1,2,5,1
2,g_g010224,2,2,1,1
1,g_g010224,1,2,4,1
1,g_g010248,1,1,4,1
2,g_g010248,2,1,1,1
1,g_g010256,8,1,4,1
1,g_g010342,8,2,3,1
1,g_g010348,8,1,3,3
1,g_g010357,8,2,3,1
1,g_g010391,8,1,5,1
1,g_g010401,7,2,3,1
2,g_g010412,2,2,1,1
1,g_g010412,1,1,4,1
3,g_g010412,2,2,1,1
1,g_g010413,8,1,4,1
2,g_g010415,2,2,1,1
1,g_g010415,1,1,5,1
3,g_g010415,2,1,1,1
1,g_g010423,3,2,7,1
2,g_g010423,5,1,3,1
2,g_g010430,2,2,1,1
1,g_g010430,1,1,5,1
1,g_g010439,8,1,4,1
1,g_g010441,7,2,3,1
2,g_g010441,7,2,3,1
1,g_g010444,8,1,3,1
2,g_g010456,2,2,2,1
1,g_g010456,2,2,4,1
1,g_g010458,8,2,4,1
1,g_g010461,1,2,4,1
2,g_g010461,2,2,2,1
1,g_g010464,7,2,3,1
2,g_g010464,7,2,3,1
1,g_g010476,1,1,3,1
2,g_g010476,2,1,1,1
1,g_g010483,8,2,3,1
1,g_g010506,8,1,4,1
2,g_g010510,5,2,2,1
1,g_g010510,3,2,6,1
2,g_g010521,4,2,8,1
1,g_g010521,3,2,6,1
1,g_g010526,1,1,4,1
2,g_g010545,7,2,3,1
4,g_g010545,7,2,3,3
1,g_g010545,7,2,3,1
3,g_g010545,7,2,3,3
1,g_g010557,7,2,4,3
3,g_g010557,7,2,4,3
2,g_g010557,7,2,4,3
2,g_g010569,7,2,3,1
1,g_g010569,7,2,4,1
1,g_g010594,3,2,6,1
1,g_g010601,8,2,4,1
2,g_g010617,9,2,3,1
4,g_g010617,9,2,3,1
1,g_g010617,9,2,3,3
3,g_g010617,9,2,3,1
1,g_g010624,7,2,3,1
1,g_g010633,7,2,3,1
1,g_g010656,8,2,3,1
1,g_g010657,1,1,3,1
1,g_g010673,1,2,4,1
1,g_g010674,4,2,8,1
1,g_g010705,8,1,4,1
1,g_g010717,8,1,4,1
1,g_g010735,1,1,4,1
2,g_g010735,2,1,1,1
1,g_g010747,7,2,3,1
1,g_g010757,2,2,3,1
3,g_g010757,2,1,3,2
2,g_g010757,2,1,3,1
2,g_g010776,2,2,3,1
1,g_g010776,1,2,6,1
3,g_g010776,2,2,3,3
1,g_g010780,7,2,5,1
1,g_g010781,1,1,4,1
1,g_g010785,7,2,4,1
2,g_g010799,7,1,4,1
4,g_g010799,7,1,4,1
1,g_g010799,7,1,4,1
3,g_g010799,7,1,4,1
2,g_g010805,2,2,1,1
1,g_g010805,1,1,4,1
3,g_g010805,2,2,1,1
1,g_g010816,8,1,3,1
1,g_g010835,8,1,3,1
1,g_g010836,8,1,3,1
1,g_g010840,8,2,3,1
1,g_g010847,8,1,3,1
1,g_g010850,7,1,3,1
1,g_g010860,2,2,2,1
2,g_g010860,2,1,1,1
1,g_g010870,1,1,4,1
1,g_g010878,5,2,3,1
1,g_g010908,1,1,5,1
2,g_g010910,2,1,2,1
1,g_g010910,1,1,5,1
2,g_g010930,2,2,1,1
1,g_g010930,1,1,5,1
1,g_g010931,8,1,3,1
1,g_g010932,8,1,3,1
1,g_g010939,1,2,5,1
2,g_g010939,2,2,1,1
1,g_g010944,8,1,4,1
1,g_g010945,8,1,3,3
1,g_g010950,7,2,3,1
2,g_g010954,2,1,1,1
1,g_g010954,1,1,4,1
1,g_g010972,3,2,6,1
1,g_g010976,5,2,3,1
1,g_g010979,7,2,3,1
2,g_g011009,5,2,3,1
1,g_g011009,3,2,5,1
1,g_g011018,2,2,3,1
1,g_g011045,1,2,4,1
2,g_g011053,7,2,3,1
1,g_g011053,7,2,3,1
2,g_g011054,2,2,1,1
1,g_g011054,1,1,4,1
3,g_g011054,2,1,1,1
2,g_g011077,2,1,1,1
1,g_g011077,1,1,4,1
1,g_g011078,7,2,3,1
1,g_g011086,7,2,3,1
2,g_g011086,7,2,3,1
1,g_g011091,9,2,3,1
2,g_g011091,9,2,3,1
1,g_g011097,8,1,3,1
1,g_g011098,8,2,3,1
1,g_g011101,7,2,4,1
1,g_g011102,5,1,3,1
1,g_g011105,8,2,3,1
1,g_g011106,3,2,6,1
1,g_g011120,7,2,3,1
1,g_g011127,1,1,4,1
2,g_g011137,7,1,5,1
1,g_g011137,7,1,5,1
3,g_g011137,7,1,5,1
2,g_g011146,5,2,3,1
1,g_g011146,3,2,6,1
1,g_g011148,1,1,4,1
2,g_g011161,5,1,3,1
1,g_g011161,5,2,4,1
1,g_g011163,8,1,3,1
1,g_g011166,8,1,3,1
1,g_g011171,8,2,3,1
1,g_g011188,8,1,3,3
1,g_g011189,8,2,3,1
1,g_g011194,3,2,6,1
1,g_g011197,7,2,4,1
1,g_g011200,7,2,6,3
1,g_g011207,8,1,3,1
1,g_g011228,8,2,3,1
1,g_g011229,8,2,3,1
1,g_g011232,8,2,3,3
2,g_g011233,7,2,3,1
1,g_g011233,7,1,4,1
3,g_g011233,7,2,3,1
1,g_g011242,7,2,3,1
3,g_g011242,7,2,3,1
2,g_g011242,7,2,3,1
1,g_g011254,1,1,5,1
3,g_g011254,2,1,1,1
2,g_g011254,2,1,1,1
3,g_g011255,6,1,1,1
2,g_g011255,2,1,1,1
1,g_g011255,5,2,5,1
1,g_g011286,7,2,4,1
1,g_g011291,7,2,3,1
1,g_g011292,7,1,3,1
1,g_g011295,3,2,8,1
2,g_g011295,5,2,5,1
1,g_g011297,8,2,3,1
1,g_g011299,8,1,4,1
1,g_g011300,1,1,4,1
1,g_g011305,7,2,3,2
1,g_g011318,8,1,4,3
1,g_g011323,1,1,5,1
1,g_g011344,7,2,4,1
1,g_g011354,8,2,3,1
1,g_g011365,3,2,6,1
1,g_g011370,7,2,5,1
1,g_g011374,1,2,5,1
1,g_g011376,1,1,4,1
1,g_g011393,8,1,3,3
1,g_g011396,1,2,5,1
2,g_g011396,2,1,1,1
1,g_g011398,2,1,1,1
1,g_g011411,8,1,3,1
1,g_g011412,8,1,3,3
1,g_g011422,8,2,3,1
1,g_g011432,1,2,4,1
1,g_g011435,6,2,6,2
1,g_g011448,1,1,6,1
1,g_g011449,1,1,7,1
1,g_g011450,1,1,6,1
1,g_g011454,8,1,4,1
2,g_g011459,2,2,1,1
1,g_g011459,1,2,4,1
2,g_g011473,2,1,2,1
1,g_g011473,1,2,4,1
2,g_g011476,2,1,1,1
1,g_g011476,1,1,4,1
3,g_g011476,2,1,1,1
1,g_g011478,8,2,4,1
1,g_g011479,3,2,7,1
1,g_g011481,8,1,4,1
2,g_g011482,2,2,1,1
1,g_g011482,1,1,4,1
2,g_g011486,2,1,1,1
1,g_g011486,1,1,5,1
1,g_g011487,1,1,7,1
1,g_g011489,1,2,4,1
1,g_g011491,7,2,3,1
1,g_g011496,1,1,7,1
1,g_g011502,1,1,5,1
2,g_g011502,2,2,2,1
1,g_g011508,7,2,4,1
1,g_g011509,8,1,4,3
1,g_g011510,7,2,3,3
1,g_g011511,8,1,4,1
1,g_g011514,1,1,4,1
1,g_g011517,7,2,3,1
1,g_g011519,3,2,8,1
1,g_g011524,3,2,6,1
1,g_g011526,8,1,4,1
1,g_g011529,8,1,3,3
1,g_g011530,1,1,6,2
2,g_g011530,3,2,8,1
1,g_g011531,1,2,4,1
2,g_g011531,2,2,1,1
1,g_g011533,1,2,4,1
2,g_g011541,2,2,1,1
1,g_g011541,1,2,4,1
3,g_g011541,2,2,1,1
1,g_g011551,1,1,5,1
2,g_g011551,2,2,2,1
1,g_g011562,2,1,1,1
1,g_g011566,1,1,5,1
3,g_g011566,11,1,5,1
5,g_g011566,11,1,5,1
2,g_g011566,7,2,5,1
4,g_g011566,9,2,5,1
1,g_g011567,1,1,5,1
2,g_g011567,2,2,2,1
1,g_g011571,3,2,7,1
1,g_g011574,1,1,4,1
1,g_g011577,7,2,6,1
2,g_g011578,7,1,3,1
1,g_g011578,7,1,3,1
1,g_g011580,8,2,4,3
1,g_g011590,5,1,5,1
1,g_g011591,1,1,7,1
2,g_g011591,2,2,4,1
2,g_g011597,7,2,5,1
1,g_g011597,7,2,5,1
3,g_g011597,7,2,5,1
1,g_g011598,1,1,6,1
1,g_g011612,8,1,4,1
2,g_g011614,7,2,4,1
1,g_g011614,5,2,3,1
3,g_g011614,7,2,4,1
1,g_g011619,3,2,8,1
3,g_g011619,2,1,2,1
2,g_g011619,1,2,5,1
4,g_g011619,2,2,1,1
2,g_g011620,3,2,6,1
1,g_g011620,3,1,7,1
1,g_g011622,1,1,4,1
3,g_g011622,2,2,1,1
2,g_g011622,2,1,1,1
1,g_g011628,8,1,4,1
1,g_g011629,7,2,4,3
1,g_g011630,8,2,3,1
1,g_g011631,7,2,3,1
1,g_g011644,7,2,3,3
1,g_g011669,8,1,4,1
1,g_g011673,9,2,5,1
1,g_g011674,3,1,7,3
2,g_g011674,5,1,5,3
1,g_g011679,2,2,1,1
1,g_g011680,1,2,4,1
2,g_g011683,3,2,7,1
1,g_g011683,3,1,7,1
1,g_g011685,1,1,5,1
3,g_g011685,2,2,1,1
2,g_g011685,2,2,1,1
1,g_g011687,8,2,3,1
1,g_g011691,3,2,6,1
1,g_g011692,7,2,3,1
1,g_g011697,1,2,4,1
3,g_g011697,3,2,7,1
2,g_g011697,3,1,7,1
1,g_g011704,8,1,4,3
1,g_g011708,8,1,3,1
1,g_g011709,8,1,4,1
1,g_g011726,7,2,3,1
1,g_g011734,8,2,3,1
1,g_g011746,7,1,6,1
3,g_g011746,1,1,6,1
2,g_g011746,7,2,6,1
1,g_g011753,1,1,5,1
1,g_g011754,7,2,5,1
3,g_g011754,7,2,5,1
2,g_g011754,7,2,5,1
4,g_g011754,7,2,5,1
1,g_g011764,7,2,5,1
1,g_g011786,3,2,7,1
2,g_g011787,3,1,6,1
1,g_g011787,3,2,6,1
3,g_g011787,8,1,3,1
1,g_g011791,3,2,8,1
1,g_g011805,2,2,2,1
3,g_g011805,1,1,5,2
2,g_g011805,2,1,1,1
2,g_g011813,2,2,1,1
4,g_g011813,2,1,1,1
1,g_g011813,1,1,5,1
3,g_g011813,2,2,1,1
1,g_g011816,8,1,3,1
1,g_g011819,8,2,4,1
2,g_g011821,2,2,1,1
1,g_g011821,1,2,4,1
3,g_g011821,2,1,1,1
1,g_g011822,1,2,4,1
2,g_g011824,2,1,1,1
4,g_g011824,4,1,7,3
1,g_g011824,1,1,4,1
3,g_g011824,2,2,1,1
5,g_g011824,4,2,7,3
1,g_g011825,1,1,2,2
1,g_g011826,1,1,5,1
1,g_g011827,1,2,8,1
2,g_g011829,2,1,3,1
1,g_g011829,1,1,6,1
1,g_g011832,1,1,6,1
3,g_g011832,2,1,2,1
2,g_g011832,2,2,3,1
4,g_g011832,2,1,2,1
1,g_g011833,7,2,3,1
1,g_g011835,7,2,7,1
2,g_g011835,7,2,7,1
1,g_g011836,8,1,4,1
1,g_g011838,5,2,3,1
1,g_g011840,1,1,4,1
1,g_g011841,8,2,4,1
2,g_g011849,2,2,1,1
1,g_g011849,1,2,4,1
3,g_g011849,2,1,1,1
1,g_g011850,1,1,4,1
1,g_g011854,8,2,3,1
2,g_g011857,2,1,2,1
1,g_g011857,1,1,5,1
3,g_g011857,2,1,2,1
1,g_g011858,1,1,5,1
3,g_g011858,2,1,2,1
2,g_g011858,2,2,2,1
1,g_g011859,1,1,7,1
1,g_g011860,5,2,4,1
1,g_g011872,1,1,4,1
1,g_g011873,7,1,4,1
1,g_g011876,8,1,4,3
1,g_g011881,8,1,4,1
1,g_g011882,2,2,2,1
1,g_g011918,8,1,3,1
1,g_g011924,1,1,4,1
1,g_g011925,2,2,1,1
1,g_g011929,8,1,4,3
1,g_g011930,1,1,4,1
3,g_g011931,11,2,1,1
2,g_g011931,7,2,5,1
1,g_g011931,2,1,1,1
1,g_g011934,1,1,5,1
1,g_g011940,1,2,4,1
3,g_g011940,2,2,1,1
2,g_g011940,2,2,1,1
1,g_g011943,7,2,3,1
1,g_g011944,8,2,3,1
2,g_g011949,2,2,3,1
1,g_g011949,1,1,6,1
1,g_g011966,3,2,6,2
1,g_g011970,8,2,3,3
1,g_g011971,2,2,1,1
1,g_g011983,8,1,4,1
2,g_g011990,3,1,7,3
1,g_g011990,1,2,4,1
3,g_g011990,3,2,7,3
1,g_g011996,7,1,4,1
1,g_g012152,1,2,4,1
3,g_g012152,2,2,1,1
2,g_g012152,2,1,1,1
1,g_g012153,1,2,4,1
2,g_g012153,2,1,1,1
1,g_g012155,8,1,4,1
1,g_g012159,7,1,5,3
2,g_g012160,2,1,4,1
1,g_g012160,1,2,6,1
3,g_g012161,2,2,1,1
2,g_g012161,2,2,1,1
1,g_g012161,1,2,4,1
1,g_g012162,1,2,4,1
2,g_g012162,2,2,1,1
1,g_g012164,8,1,4,1
2,g_g012171,2,1,1,1
1,g_g012171,1,2,4,1
3,g_g012171,2,1,1,1
1,g_g012173,1,2,6,1
2,g_g012174,2,2,2,1
1,g_g012174,1,1,5,1
1,g_g012175,1,1,6,1
1,g_g012176,8,1,4,1
1,g_g012177,9,2,4,1
2,g_g012177,9,2,4,1
1,g_g012181,1,2,4,1
3,g_g012181,2,1,1,1
2,g_g012181,2,2,1,1
1,g_g012182,8,1,3,1
1,g_g012185,2,2,4,1
1,g_g012186,8,1,4,1
1,g_g012188,1,2,5,1
1,g_g012189,7,2,3,3
2,g_g012190,2,1,1,1
1,g_g012190,1,1,4,1
3,g_g012190,2,2,1,1
1,g_g012192,8,1,4,1
1,g_g012194,7,1,7,1
2,g_g012196,2,2,2,1
1,g_g012196,1,1,5,1
3,g_g012196,2,2,1,1
1,g_g012197,8,1,4,1
2,g_g012199,2,1,2,1
4,g_g012199,2,1,1,1
1,g_g012199,1,2,5,1
3,g_g012199,2,2,1,1
1,g_g012201,3,2,7,1
2,g_g012201,5,1,3,1
2,g_g012203,3,2,6,1
1,g_g012203,3,1,7,1
1,g_g012205,7,1,4,1
2,g_g012207,2,1,1,1
1,g_g012207,1,2,4,1
3,g_g012207,2,1,1,1
1,g_g012209,1,1,4,1
1,g_g012212,8,2,3,1
2,g_g012220,2,2,1,1
1,g_g012220,1,2,4,1
1,g_g012227,3,2,7,1
3,g_g012227,5,2,4,1
5,g_g012227,6,2,1,1
2,g_g012227,3,1,7,1
4,g_g012227,6,1,5,1
1,g_g012235,1,1,4,1
1,g_g012238,8,2,3,1
1,g_g012239,7,2,3,1
1,g_g012246,9,2,5,1
1,g_g012254,1,1,5,1
3,g_g012254,2,2,1,1
2,g_g012254,2,1,2,1
1,g_g012255,8,1,3,1
1,g_g012257,1,1,3,1
2,g_g012258,2,1,2,1
1,g_g012258,1,2,4,1
3,g_g012258,2,2,1,1
1,g_g012260,1,1,5,1
3,g_g012260,2,1,1,1
2,g_g012260,2,2,1,1
1,g_g012267,1,2,4,1
1,g_g012269,8,1,3,1
1,g_g012270,7,2,4,3
1,g_g012276,8,2,4,1
2,g_g012277,2,2,2,1
1,g_g012277,1,2,5,1
3,g_g012277,2,1,1,1
1,g_g012278,8,1,3,1
1,g_g012282,3,2,7,1
1,g_g012283,8,2,4,3
1,g_g012289,7,2,3,1
1,g_g012304,8,2,3,1
2,g_g012314,3,2,7,1
1,g_g012314,3,1,7,1
2,g_g012316,2,1,1,1
1,g_g012316,1,1,4,1
1,g_g012318,8,2,3,1
1,g_g012323,1,1,4,1
2,g_g012323,2,2,2,1
1,g_g012325,2,1,1,1
1,g_g012326,8,2,4,1
1,g_g012333,3,2,5,3
1,g_g012337,8,1,4,3
2,g_g012339,2,1,2,1
1,g_g012339,1,2,5,1
3,g_g012339,2,1,2,1
1,g_g012347,8,1,4,1
1,g_g012348,7,2,5,1
1,g_g012350,8,1,3,1
1,g_g012351,1,2,5,1
2,g_g012351,2,2,1,1
1,g_g012372,1,1,4,1
1,g_g012377,7,1,4,1
1,g_g012379,2,1,4,1
1,g_g012388,1,1,8,1
2,g_g012389,3,2,7,1
4,g_g012389,2,2,1,1
1,g_g012389,3,1,7,1
3,g_g012389,1,1,4,1
5,g_g012389,5,1,4,1
1,g_g012391,8,1,5,1
1,g_g012396,2,2,3,1
1,g_g012400,8,1,4,1
1,g_g012402,1,1,4,1
3,g_g012402,2,2,1,1
2,g_g012402,2,2,1,1
1,g_g012406,1,1,4,1
1,g_g012420,7,2,3,1
1,g_g012422,7,2,4,1
1,g_g012430,7,1,3,1
3,g_g012430,7,2,3,1
2,g_g012430,7,2,3,1
1,g_g012431,8,1,3,1
1,g_g012433,8,1,3,1
1,g_g012435,2,2,3,1
1,g_g012436,7,2,3,1
1,g_g012447,8,1,3,1
1,g_g012455,2,2,4,1
2,g_g012455,2,2,3,1
1,g_g012457,8,2,3,1
1,g_g012463,3,2,8,1
3,g_g012463,2,2,3,1
2,g_g012463,5,2,7,1
2,g_g012472,7,1,3,1
1,g_g012472,7,2,3,1
1,g_g012473,5,2,3,1
1,g_g012475,8,2,3,1
2,g_g012478,2,2,2,1
1,g_g012478,1,1,5,1
3,g_g012478,2,1,1,1
1,g_g012484,3,1,6,1
3,g_g012484,5,1,3,1
2,g_g012484,3,2,6,1
2,g_g012487,7,2,3,1
1,g_g012487,7,2,3,1
1,g_g012494,8,2,3,1
1,g_g012498,7,1,5,3
1,g_g012502,7,1,4,3
1,g_g012523,7,2,3,1
1,g_g012528,1,2,6,1
3,g_g012528,2,1,3,1
2,g_g012528,2,2,3,1
2,g_g012530,7,2,5,1
1,g_g012530,8,2,5,1
1,g_g012531,7,2,3,3
1,g_g012532,1,1,4,1
3,g_g012532,2,1,1,1
2,g_g012532,2,1,1,1
1,g_g012541,8,2,3,1
1,g_g012542,7,2,3,1
2,g_g012544,7,2,4,1
1,g_g012544,7,2,4,1
1,g_g012546,1,1,5,1
3,g_g012546,2,2,1,1
2,g_g012546,2,1,1,1
1,g_g012557,2,2,2,1
1,g_g012571,8,2,3,1
1,g_g012572,8,1,4,1
1,g_g012580,8,1,4,1
2,g_g012582,2,1,1,1
1,g_g012582,1,2,4,1
2,g_g012583,7,1,3,1
1,g_g012583,7,1,3,1
1,g_g012586,1,1,4,1
2,g_g012586,2,1,1,1
2,g_g012591,2,2,1,1
1,g_g012591,1,1,5,1
1,g_g012604,7,2,3,1
1,g_g012617,8,2,3,1
1,g_g012620,8,1,3,1
1,g_g012628,8,1,3,1
2,g_g012634,2,1,2,3
1,g_g012634,5,2,4,3
1,g_g012639,8,2,3,1
2,g_g012643,2,1,1,1
1,g_g012643,1,1,5,1
3,g_g012643,2,2,1,1
2,g_g012650,2,2,1,1
1,g_g012650,1,1,4,1
3,g_g012650,2,1,1,1
1,g_g012653,8,2,4,3
1,g_g012655,1,2,4,1
3,g_g012655,2,1,1,1
2,g_g012655,2,1,1,1
2,g_g012656,3,2,7,1
1,g_g012656,2,1,1,1
2,g_g012658,7,2,4,1
1,g_g012658,7,1,5,1
3,g_g012658,7,2,4,1
1,g_g012659,1,1,4,1
3,g_g012659,2,2,1,1
2,g_g012659,2,2,1,1
1,g_g012662,7,2,4,3
1,g_g012665,1,1,5,3
3,g_g012665,2,2,1,1
2,g_g012665,2,1,1,1
4,g_g012665,2,2,1,3
1,g_g012674,8,1,3,1
1,g_g012675,7,2,3,1
2,g_g012677,2,1,2,1
1,g_g012677,1,2,5,1
3,g_g012677,2,2,2,1
1,g_g012679,2,2,2,1
1,g_g012680,8,1,3,1
1,g_g012686,1,2,4,1
2,g_g012687,2,2,1,1
1,g_g012687,1,1,4,1
1,g_g012688,3,2,6,1
1,g_g012689,5,2,3,3
1,g_g012690,2,2,1,1
1,g_g012698,1,1,4,1
1,g_g012702,7,2,4,3
1,g_g012704,1,2,5,1
3,g_g012704,2,2,1,1
2,g_g012704,2,1,1,1
2,g_g012705,9,1,4,1
4,g_g012705,9,2,4,1
1,g_g012705,9,1,4,1
3,g_g012705,9,2,4,1
1,g_g012711,1,2,4,1
2,g_g012713,2,1,1,1
1,g_g012713,1,2,4,1
3,g_g012713,2,2,1,1
2,g_g012716,2,2,2,1
1,g_g012716,3,2,7,1
1,g_g012723,8,2,3,1
2,g_g012724,2,2,1,1
1,g_g012724,1,2,5,1
1,g_g012726,7,2,3,3
2,g_g012726,7,2,3,3
1,g_g012727,3,1,7,1
3,g_g012727,1,1,5,1
2,g_g012727,3,2,7,1
1,g_g012728,2,2,4,1
1,g_g012732,1,2,6,1
1,g_g012742,3,2,7,1
1,g_g012745,1,1,5,1
1,g_g012750,3,2,6,1
1,g_g012752,8,1,3,3
1,g_g012753,8,2,3,1
5,g_g012755,5,1,5,3
7,g_g012755,5,2,5,3
9,g_g012755,6,2,2,3
2,g_g012755,3,1,8,3
4,g_g012755,3,2,8,1
6,g_g012755,5,2,5,3
8,g_g012755,2,2,3,1
10,g_g012755,6,1,1,3
1,g_g012755,1,1,6,1
3,g_g012755,3,2,8,3
1,g_g012757,8,2,3,3
2,g_g012761,5,2,6,1
1,g_g012761,1,2,6,1
3,g_g012761,5,2,7,1
1,g_g012764,8,1,3,1
1,g_g012767,8,1,3,3
2,g_g012770,2,2,1,1
1,g_g012770,1,1,4,1
1,g_g012772,8,1,3,3
1,g_g012774,8,1,3,1
2,g_g012776,3,2,5,1
1,g_g012776,3,1,5,1
1,g_g012781,1,2,5,1
2,g_g012791,2,1,1,1
1,g_g012791,1,1,4,1
3,g_g012791,2,1,1,1
1,g_g012796,8,1,3,1
2,g_g012803,2,1,1,1
1,g_g012803,1,2,4,1
3,g_g012803,2,2,1,1
1,g_g012805,8,1,4,1
1,g_g012807,8,2,5,1
1,g_g012812,8,1,3,1
1,g_g012814,2,2,2,1
1,g_g012857,1,1,5,1
1,g_g012858,1,1,5,1
2,g_g012858,2,2,1,1
1,g_g012864,2,1,6,1
1,g_g012873,1,2,5,1
2,g_g012873,2,1,2,1
1,g_g012874,1,1,5,1
1,g_g012880,7,2,3,1
1,g_g012883,8,1,5,1
1,g_g012884,3,1,6,1
3,g_g012884,5,2,4,3
2,g_g012884,3,2,6,1
1,g_g012891,3,2,7,1
1,g_g012905,5,2,3,1
1,g_g012917,8,2,3,1
1,g_g012919,1,1,4,1
2,g_g012919,2,2,1,1
1,g_g012927,8,2,3,3
2,g_g012933,2,2,2,1
1,g_g012933,1,1,5,1
3,g_g012933,2,1,1,1
2,g_g012943,2,2,4,3
1,g_g012943,1,1,7,1
1,g_g012963,8,1,4,1
1,g_g012989,2,2,3,1
1,g_g012990,1,1,5,1
1,g_g012999,1,1,4,1
3,g_g012999,2,1,1,1
2,g_g012999,2,1,1,1
1,g_g013022,1,1,4,1
1,g_g013023,8,1,3,3
1,g_g013027,8,2,3,1
3,g_g013029,2,1,1,1
2,g_g013029,5,1,5,1
1,g_g013029,3,2,7,1
2,g_g013037,5,1,5,1
4,g_g013037,6,1,1,1
1,g_g013037,3,2,7,1
3,g_g013037,6,2,5,1
2,g_g013038,7,2,3,1
1,g_g013038,7,2,3,1
1,g_g013045,1,2,4,1
3,g_g013045,2,2,1,1
2,g_g013045,2,2,1,1
1,g_g013046,9,1,4,1
3,g_g013046,9,2,4,1
5,g_g013046,9,2,4,1
2,g_g013046,9,1,3,1
4,g_g013046,9,2,4,1
1,g_g013048,8,1,4,1
1,g_g013050,3,2,6,1
1,g_g013059,5,2,3,1
2,g_g013062,1,1,7,1
1,g_g013062,2,2,4,1
1,g_g013065,7,2,3,1
2,g_g013066,5,2,5,1
1,g_g013066,3,2,8,1
3,g_g013066,6,2,2,1
1,g_g013070,3,2,5,1
1,g_g013074,8,1,4,1
1,g_g013080,8,1,4,1
1,g_g013084,3,1,7,1
2,g_g013084,3,2,7,1
2,g_g013087,5,2,3,1
1,g_g013087,3,2,6,1
3,g_g013087,5,2,2,1
1,g_g013096,3,2,6,1
1,g_g013097,9,2,5,1
1,g_g013102,1,2,5,1
1,g_g013105,8,2,3,1
1,g_g013114,2,2,1,1
1,g_g013125,7,2,3,1
1,g_g013131,8,2,3,1
1,h_h001459,5,2,3,1
